/*
 Navicat Premium Data Transfer

 Source Server         : aliyun
 Source Server Type    : MySQL
 Source Server Version : 80018
 Source Host           : cshisanrds.mysql.rds.aliyuncs.com:3306
 Source Schema         : medical_reserve

 Target Server Type    : MySQL
 Target Server Version : 80018
 File Encoding         : 65001

 Date: 08/05/2022 11:44:22
*/

SET NAMES utf8mb4;
SET FOREIGN_KEY_CHECKS = 0;

-- ----------------------------
-- Table structure for department
-- ----------------------------
DROP TABLE IF EXISTS `department`;
CREATE TABLE `department`  (
  `id` bigint(20) NOT NULL AUTO_INCREMENT COMMENT '自增ID',
  `del_flag` bit(1) NOT NULL DEFAULT b'0' COMMENT '删除标识  0，未删除  1，已删除',
  `editor` bigint(20) NOT NULL COMMENT '编辑者ID',
  `create_time` timestamp(0) NULL DEFAULT NULL COMMENT '创建时间',
  `update_time` timestamp(0) NULL DEFAULT NULL COMMENT '更新时间',
  `dept_id` bigint(20) NOT NULL COMMENT '部门ID',
  `dept_name` varchar(20) CHARACTER SET utf8 COLLATE utf8_general_ci NOT NULL COMMENT '部门名称',
  PRIMARY KEY (`id`) USING BTREE,
  UNIQUE INDEX `UK_dept_id`(`dept_id`) USING BTREE COMMENT '唯一部门ID'
) ENGINE = InnoDB AUTO_INCREMENT = 27 CHARACTER SET = utf8 COLLATE = utf8_general_ci ROW_FORMAT = DYNAMIC;

-- ----------------------------
-- Records of department
-- ----------------------------
INSERT INTO `department` VALUES (4, b'0', 9527, '2022-02-24 09:18:49', '2022-02-24 09:18:49', 7329405090861, '神经内科');
INSERT INTO `department` VALUES (5, b'0', 9527, '2022-02-24 09:19:11', '2022-02-24 09:19:11', 7351338747771, '神经外科');
INSERT INTO `department` VALUES (6, b'0', 9527, '2022-02-24 09:19:22', '2022-02-24 09:19:22', 7361614461265, '耳鼻喉科');
INSERT INTO `department` VALUES (7, b'0', 9527, '2022-02-24 09:19:31', '2022-02-24 09:19:31', 7371313222661, '呼吸内科');
INSERT INTO `department` VALUES (8, b'0', 9527, '2022-02-24 09:20:00', '2022-02-24 09:20:00', 7399854323981, '感染科');
INSERT INTO `department` VALUES (9, b'0', 9527, '2022-02-24 09:20:11', '2022-02-24 09:20:11', 7411229375570, '风湿免疫科');
INSERT INTO `department` VALUES (10, b'0', 9527, '2022-02-24 09:20:26', '2022-02-24 09:20:26', 7425967020927, '骨科');
INSERT INTO `department` VALUES (11, b'0', 9527, '2022-02-24 09:20:41', '2022-02-24 09:20:41', 7441084077009, '心内科');
INSERT INTO `department` VALUES (12, b'0', 9527, '2022-02-24 09:20:49', '2022-02-24 09:20:49', 7449080570255, '眼科');
INSERT INTO `department` VALUES (13, b'0', 9527, '2022-02-24 09:21:00', '2022-02-24 09:21:00', 7459945583384, '血液科');
INSERT INTO `department` VALUES (14, b'0', 9527, '2022-02-24 09:21:10', '2022-02-24 09:21:10', 7470071833707, '普通外科');
INSERT INTO `department` VALUES (15, b'0', 9527, '2022-02-24 09:21:21', '2022-02-24 09:21:21', 7480653935007, '消化内科');
INSERT INTO `department` VALUES (16, b'0', 9527, '2022-02-24 09:22:08', '2022-02-24 09:22:08', 7528216412520, '肠道科');
INSERT INTO `department` VALUES (17, b'0', 9527, '2022-02-24 09:22:17', '2022-02-24 09:22:17', 7537190826440, '泌尿科');
INSERT INTO `department` VALUES (18, b'0', 9527, '2022-02-24 09:22:30', '2022-02-24 09:22:30', 7549839369149, '妇科');
INSERT INTO `department` VALUES (19, b'0', 9527, '2022-02-24 09:22:52', '2022-02-24 09:22:52', 7572275353654, '血管科');
INSERT INTO `department` VALUES (20, b'0', 9527, '2022-02-24 09:23:42', '2022-02-24 09:23:42', 7622408368094, '口腔科');
INSERT INTO `department` VALUES (21, b'0', 9527, '2022-02-24 09:24:23', '2022-02-24 09:24:23', 7662858565643, '精神科');
INSERT INTO `department` VALUES (22, b'0', 9527, '2022-02-24 09:24:32', '2022-02-24 09:24:32', 7671746779275, '皮肤科');
INSERT INTO `department` VALUES (23, b'0', 9527, '2022-02-24 09:24:56', '2022-02-24 09:24:56', 7696062104856, '肾内科');
INSERT INTO `department` VALUES (24, b'0', 9527, '2022-02-24 09:25:08', '2022-02-24 09:25:08', 7707777089390, '内分泌科');
INSERT INTO `department` VALUES (25, b'1', 9527, '2022-02-27 12:08:49', '2022-02-27 12:09:53', 7929095235112, '啊我打所234');
INSERT INTO `department` VALUES (26, b'0', 5103938831800, '2022-04-13 15:07:07', '2022-04-13 15:07:07', 7627147113875, '可删除');

-- ----------------------------
-- Table structure for doctor
-- ----------------------------
DROP TABLE IF EXISTS `doctor`;
CREATE TABLE `doctor`  (
  `id` bigint(20) NOT NULL AUTO_INCREMENT COMMENT '自增ID',
  `del_flag` bit(1) NOT NULL DEFAULT b'0' COMMENT '删除标识  0，未删除  1，已删除',
  `editor` bigint(20) NOT NULL COMMENT '编辑者ID',
  `create_time` timestamp(0) NULL DEFAULT NULL COMMENT '创建时间',
  `update_time` timestamp(0) NULL DEFAULT NULL COMMENT '更新时间',
  `doctor_id` bigint(20) NOT NULL COMMENT '医生ID',
  `dept_id` bigint(20) NOT NULL COMMENT '部门ID',
  `job_title_id` bigint(20) NOT NULL COMMENT '职称ID',
  `description` varchar(255) CHARACTER SET utf8 COLLATE utf8_general_ci NULL DEFAULT NULL COMMENT '描述',
  PRIMARY KEY (`id`) USING BTREE,
  UNIQUE INDEX `UK_doctor_id`(`doctor_id`) USING BTREE COMMENT '唯一医生ID'
) ENGINE = InnoDB AUTO_INCREMENT = 180 CHARACTER SET = utf8 COLLATE = utf8_general_ci ROW_FORMAT = DYNAMIC;

-- ----------------------------
-- Records of doctor
-- ----------------------------
INSERT INTO `doctor` VALUES (92, b'0', 9527, '2022-05-07 10:30:32', '2022-05-07 10:30:32', 6631315981679, 7329405090861, 1, NULL);
INSERT INTO `doctor` VALUES (93, b'0', 9527, '2022-05-07 10:30:32', '2022-05-07 10:30:32', 6632044316876, 7329405090861, 2, NULL);
INSERT INTO `doctor` VALUES (94, b'0', 9527, '2022-05-07 10:30:33', '2022-05-07 10:30:33', 6632637395708, 7329405090861, 3, NULL);
INSERT INTO `doctor` VALUES (95, b'0', 9527, '2022-05-07 10:30:34', '2022-05-07 10:30:34', 6633178147343, 7329405090861, 4, NULL);
INSERT INTO `doctor` VALUES (96, b'0', 9527, '2022-05-07 10:30:34', '2022-05-07 10:30:34', 6633748226189, 7351338747771, 1, NULL);
INSERT INTO `doctor` VALUES (97, b'0', 9527, '2022-05-07 10:30:35', '2022-05-07 10:30:35', 6634328710912, 7351338747771, 2, NULL);
INSERT INTO `doctor` VALUES (98, b'0', 9527, '2022-05-07 10:30:35', '2022-05-07 10:30:35', 6634908136373, 7351338747771, 3, NULL);
INSERT INTO `doctor` VALUES (99, b'0', 9527, '2022-05-07 10:30:36', '2022-05-07 10:30:36', 6635498197740, 7351338747771, 4, NULL);
INSERT INTO `doctor` VALUES (100, b'0', 9527, '2022-05-07 10:30:36', '2022-05-07 10:30:36', 6636102525524, 7361614461265, 1, NULL);
INSERT INTO `doctor` VALUES (101, b'0', 9527, '2022-05-07 10:30:37', '2022-05-07 10:30:37', 6636668589177, 7361614461265, 2, NULL);
INSERT INTO `doctor` VALUES (102, b'0', 9527, '2022-05-07 10:30:38', '2022-05-07 10:30:38', 6637278200231, 7361614461265, 3, NULL);
INSERT INTO `doctor` VALUES (103, b'0', 9527, '2022-05-07 10:30:38', '2022-05-07 10:30:38', 6637838103998, 7361614461265, 4, NULL);
INSERT INTO `doctor` VALUES (104, b'0', 9527, '2022-05-07 10:30:39', '2022-05-07 10:30:39', 6638419484645, 7371313222661, 1, NULL);
INSERT INTO `doctor` VALUES (105, b'0', 9527, '2022-05-07 10:30:39', '2022-05-07 10:30:39', 6638999538061, 7371313222661, 2, NULL);
INSERT INTO `doctor` VALUES (106, b'0', 9527, '2022-05-07 10:30:40', '2022-05-07 10:30:40', 6639628221480, 7371313222661, 3, NULL);
INSERT INTO `doctor` VALUES (107, b'0', 9527, '2022-05-07 10:30:41', '2022-05-07 10:30:41', 6640188106006, 7371313222661, 4, NULL);
INSERT INTO `doctor` VALUES (108, b'0', 9527, '2022-05-07 10:30:41', '2022-05-07 10:30:41', 6640727146276, 7399854323981, 1, NULL);
INSERT INTO `doctor` VALUES (109, b'0', 9527, '2022-05-07 10:30:42', '2022-05-07 10:30:42', 6641352599408, 7399854323981, 2, NULL);
INSERT INTO `doctor` VALUES (110, b'0', 9527, '2022-05-07 10:30:42', '2022-05-07 10:30:42', 6641920780737, 7399854323981, 3, NULL);
INSERT INTO `doctor` VALUES (111, b'0', 9527, '2022-05-07 10:30:43', '2022-05-07 10:30:43', 6642519839598, 7399854323981, 4, NULL);
INSERT INTO `doctor` VALUES (112, b'0', 9527, '2022-05-07 10:30:43', '2022-05-07 10:30:43', 6643079884776, 7411229375570, 1, NULL);
INSERT INTO `doctor` VALUES (113, b'0', 9527, '2022-05-07 10:30:44', '2022-05-07 10:30:44', 6643658856405, 7411229375570, 2, NULL);
INSERT INTO `doctor` VALUES (114, b'0', 9527, '2022-05-07 10:30:45', '2022-05-07 10:30:45', 6644240390216, 7411229375570, 3, NULL);
INSERT INTO `doctor` VALUES (115, b'0', 9527, '2022-05-07 10:30:45', '2022-05-07 10:30:45', 6644798298388, 7411229375570, 4, NULL);
INSERT INTO `doctor` VALUES (116, b'0', 9527, '2022-05-07 10:30:46', '2022-05-07 10:30:46', 6645378814059, 7425967020927, 1, NULL);
INSERT INTO `doctor` VALUES (117, b'0', 9527, '2022-05-07 10:30:46', '2022-05-07 10:30:46', 6645940927666, 7425967020927, 2, NULL);
INSERT INTO `doctor` VALUES (118, b'0', 9527, '2022-05-07 10:30:47', '2022-05-07 10:30:47', 6646499245908, 7425967020927, 3, NULL);
INSERT INTO `doctor` VALUES (119, b'0', 9527, '2022-05-07 10:30:47', '2022-05-07 10:30:47', 6647057693703, 7425967020927, 4, NULL);
INSERT INTO `doctor` VALUES (120, b'0', 9527, '2022-05-07 10:30:48', '2022-05-07 10:30:48', 6647669722356, 7441084077009, 1, NULL);
INSERT INTO `doctor` VALUES (121, b'0', 9527, '2022-05-07 10:30:49', '2022-05-07 10:30:49', 6648237668035, 7441084077009, 2, NULL);
INSERT INTO `doctor` VALUES (122, b'0', 9527, '2022-05-07 10:30:49', '2022-05-07 10:30:49', 6648858292074, 7441084077009, 3, NULL);
INSERT INTO `doctor` VALUES (123, b'0', 9527, '2022-05-07 10:30:50', '2022-05-07 10:30:50', 6649419180501, 7441084077009, 4, NULL);
INSERT INTO `doctor` VALUES (124, b'0', 9527, '2022-05-07 10:30:50', '2022-05-07 10:30:50', 6650008648229, 7449080570255, 1, NULL);
INSERT INTO `doctor` VALUES (125, b'0', 9527, '2022-05-07 10:30:51', '2022-05-07 10:30:51', 6650630297306, 7449080570255, 2, NULL);
INSERT INTO `doctor` VALUES (126, b'0', 9527, '2022-05-07 10:30:52', '2022-05-07 10:30:52', 6651310261681, 7449080570255, 3, NULL);
INSERT INTO `doctor` VALUES (127, b'0', 9527, '2022-05-07 10:30:52', '2022-05-07 10:30:52', 6651966302033, 7449080570255, 4, NULL);
INSERT INTO `doctor` VALUES (128, b'0', 9527, '2022-05-07 10:30:53', '2022-05-07 10:30:53', 6652571885857, 7459945583384, 1, NULL);
INSERT INTO `doctor` VALUES (129, b'0', 9527, '2022-05-07 10:30:54', '2022-05-07 10:30:54', 6653138355749, 7459945583384, 2, NULL);
INSERT INTO `doctor` VALUES (130, b'0', 9527, '2022-05-07 10:30:54', '2022-05-07 10:30:54', 6653758493665, 7459945583384, 3, NULL);
INSERT INTO `doctor` VALUES (131, b'0', 9527, '2022-05-07 10:30:55', '2022-05-07 10:30:55', 6654371248345, 7459945583384, 4, NULL);
INSERT INTO `doctor` VALUES (132, b'0', 9527, '2022-05-07 10:30:55', '2022-05-07 10:30:55', 6654928444648, 7470071833707, 1, NULL);
INSERT INTO `doctor` VALUES (133, b'0', 9527, '2022-05-07 10:30:56', '2022-05-07 10:30:56', 6655578543331, 7470071833707, 2, NULL);
INSERT INTO `doctor` VALUES (134, b'0', 9527, '2022-05-07 10:30:57', '2022-05-07 10:30:57', 6656163986244, 7470071833707, 3, NULL);
INSERT INTO `doctor` VALUES (135, b'0', 9527, '2022-05-07 10:30:57', '2022-05-07 10:30:57', 6656779819856, 7470071833707, 4, NULL);
INSERT INTO `doctor` VALUES (136, b'0', 9527, '2022-05-07 10:30:58', '2022-05-07 10:30:58', 6657379417350, 7480653935007, 1, NULL);
INSERT INTO `doctor` VALUES (137, b'0', 9527, '2022-05-07 10:30:58', '2022-05-07 10:30:58', 6658047186493, 7480653935007, 2, NULL);
INSERT INTO `doctor` VALUES (138, b'0', 9527, '2022-05-07 10:30:59', '2022-05-07 10:30:59', 6658648148787, 7480653935007, 3, NULL);
INSERT INTO `doctor` VALUES (139, b'0', 9527, '2022-05-07 10:31:00', '2022-05-07 10:31:00', 6659229170905, 7480653935007, 4, NULL);
INSERT INTO `doctor` VALUES (140, b'0', 9527, '2022-05-07 10:31:00', '2022-05-07 10:31:00', 6659779327510, 7528216412520, 1, NULL);
INSERT INTO `doctor` VALUES (141, b'0', 9527, '2022-05-07 10:31:01', '2022-05-07 10:31:01', 6660401182015, 7528216412520, 2, NULL);
INSERT INTO `doctor` VALUES (142, b'0', 9527, '2022-05-07 10:31:02', '2022-05-07 10:31:02', 6661018834596, 7528216412520, 3, NULL);
INSERT INTO `doctor` VALUES (143, b'0', 9527, '2022-05-07 10:31:02', '2022-05-07 10:31:02', 6661758275675, 7528216412520, 4, NULL);
INSERT INTO `doctor` VALUES (144, b'0', 9527, '2022-05-07 10:31:03', '2022-05-07 10:31:03', 6662336805454, 7537190826440, 1, NULL);
INSERT INTO `doctor` VALUES (145, b'0', 9527, '2022-05-07 10:31:03', '2022-05-07 10:31:03', 6662958144379, 7537190826440, 2, NULL);
INSERT INTO `doctor` VALUES (146, b'0', 9527, '2022-05-07 10:31:04', '2022-05-07 10:31:04', 6663510097982, 7537190826440, 3, NULL);
INSERT INTO `doctor` VALUES (147, b'0', 9527, '2022-05-07 10:31:05', '2022-05-07 10:31:05', 6664138615248, 7537190826440, 4, NULL);
INSERT INTO `doctor` VALUES (148, b'0', 9527, '2022-05-07 10:31:05', '2022-05-07 10:31:05', 6664718026614, 7549839369149, 1, NULL);
INSERT INTO `doctor` VALUES (149, b'0', 9527, '2022-05-07 10:31:06', '2022-05-07 10:31:06', 6665329861175, 7549839369149, 2, NULL);
INSERT INTO `doctor` VALUES (150, b'0', 9527, '2022-05-07 10:31:06', '2022-05-07 10:31:06', 6665909625608, 7549839369149, 3, NULL);
INSERT INTO `doctor` VALUES (151, b'0', 9527, '2022-05-07 10:31:07', '2022-05-07 10:31:07', 6666488226189, 7549839369149, 4, NULL);
INSERT INTO `doctor` VALUES (152, b'0', 9527, '2022-05-07 10:31:07', '2022-05-07 10:31:07', 6667079357602, 7572275353654, 1, NULL);
INSERT INTO `doctor` VALUES (153, b'0', 9527, '2022-05-07 10:31:08', '2022-05-07 10:31:08', 6667721080066, 7572275353654, 2, NULL);
INSERT INTO `doctor` VALUES (154, b'0', 9527, '2022-05-07 10:31:09', '2022-05-07 10:31:09', 6668337273468, 7572275353654, 3, NULL);
INSERT INTO `doctor` VALUES (155, b'0', 9527, '2022-05-07 10:31:09', '2022-05-07 10:31:09', 6668929136465, 7572275353654, 4, NULL);
INSERT INTO `doctor` VALUES (156, b'0', 9527, '2022-05-07 10:31:10', '2022-05-07 10:31:10', 6669580663749, 7622408368094, 1, NULL);
INSERT INTO `doctor` VALUES (157, b'0', 9527, '2022-05-07 10:31:11', '2022-05-07 10:31:11', 6670168233966, 7622408368094, 2, NULL);
INSERT INTO `doctor` VALUES (158, b'0', 9527, '2022-05-07 10:31:11', '2022-05-07 10:31:11', 6670758134750, 7622408368094, 3, NULL);
INSERT INTO `doctor` VALUES (159, b'0', 9527, '2022-05-07 10:31:12', '2022-05-07 10:31:12', 6671350711028, 7622408368094, 4, NULL);
INSERT INTO `doctor` VALUES (160, b'0', 9527, '2022-05-07 10:31:12', '2022-05-07 10:31:12', 6671975288080, 7662858565643, 1, NULL);
INSERT INTO `doctor` VALUES (161, b'0', 9527, '2022-05-07 10:31:13', '2022-05-07 10:31:13', 6672578621340, 7662858565643, 2, NULL);
INSERT INTO `doctor` VALUES (162, b'0', 9527, '2022-05-07 10:31:14', '2022-05-07 10:31:14', 6673177953544, 7662858565643, 3, NULL);
INSERT INTO `doctor` VALUES (163, b'0', 9527, '2022-05-07 10:31:14', '2022-05-07 10:31:14', 6673819061247, 7662858565643, 4, NULL);
INSERT INTO `doctor` VALUES (164, b'0', 9527, '2022-05-07 10:31:15', '2022-05-07 10:31:15', 6674420623694, 7671746779275, 1, NULL);
INSERT INTO `doctor` VALUES (165, b'0', 9527, '2022-05-07 10:31:15', '2022-05-07 10:31:15', 6675018017130, 7671746779275, 2, NULL);
INSERT INTO `doctor` VALUES (166, b'0', 9527, '2022-05-07 10:31:16', '2022-05-07 10:31:16', 6675663305461, 7671746779275, 3, NULL);
INSERT INTO `doctor` VALUES (167, b'0', 9527, '2022-05-07 10:31:17', '2022-05-07 10:31:17', 6676269753163, 7671746779275, 4, NULL);
INSERT INTO `doctor` VALUES (168, b'0', 9527, '2022-05-07 10:31:17', '2022-05-07 10:31:17', 6676879415396, 7696062104856, 1, NULL);
INSERT INTO `doctor` VALUES (169, b'0', 9527, '2022-05-07 10:31:18', '2022-05-07 10:31:18', 6677478815101, 7696062104856, 2, NULL);
INSERT INTO `doctor` VALUES (170, b'0', 9527, '2022-05-07 10:31:18', '2022-05-07 10:31:18', 6678082566770, 7696062104856, 3, NULL);
INSERT INTO `doctor` VALUES (171, b'0', 9527, '2022-05-07 10:31:19', '2022-05-07 10:31:19', 6678688600663, 7696062104856, 4, NULL);
INSERT INTO `doctor` VALUES (172, b'0', 9527, '2022-05-07 10:31:20', '2022-05-07 10:31:20', 6679298820991, 7707777089390, 1, NULL);
INSERT INTO `doctor` VALUES (173, b'0', 9527, '2022-05-07 10:31:20', '2022-05-07 10:31:20', 6679899329524, 7707777089390, 2, NULL);
INSERT INTO `doctor` VALUES (174, b'0', 9527, '2022-05-07 10:31:21', '2022-05-07 10:31:21', 6680502162144, 7707777089390, 3, NULL);
INSERT INTO `doctor` VALUES (175, b'0', 9527, '2022-05-07 10:31:22', '2022-05-07 10:31:22', 6681149725935, 7707777089390, 4, NULL);
INSERT INTO `doctor` VALUES (176, b'0', 9527, '2022-05-07 10:31:22', '2022-05-07 10:31:22', 6681761212631, 7627147113875, 1, NULL);
INSERT INTO `doctor` VALUES (177, b'0', 9527, '2022-05-07 10:31:23', '2022-05-07 10:31:23', 6682457754646, 7627147113875, 2, NULL);
INSERT INTO `doctor` VALUES (178, b'0', 9527, '2022-05-07 10:31:23', '2022-05-07 10:31:23', 6683037973107, 7627147113875, 3, NULL);
INSERT INTO `doctor` VALUES (179, b'0', 9527, '2022-05-07 10:31:24', '2022-05-07 10:31:24', 6683639911320, 7627147113875, 4, NULL);

-- ----------------------------
-- Table structure for doctor_rotation
-- ----------------------------
DROP TABLE IF EXISTS `doctor_rotation`;
CREATE TABLE `doctor_rotation`  (
  `id` bigint(20) NOT NULL AUTO_INCREMENT COMMENT '自增ID',
  `del_flag` bit(1) NOT NULL DEFAULT b'0' COMMENT '删除标识  0，未删除  1，已删除',
  `editor` bigint(20) NOT NULL COMMENT '编辑者ID',
  `create_time` timestamp(0) NULL DEFAULT NULL COMMENT '创建时间',
  `update_time` timestamp(0) NULL DEFAULT NULL COMMENT '更新时间',
  `doctor_id` bigint(20) NOT NULL COMMENT '医生ID',
  `rotation_id` bigint(20) NOT NULL COMMENT '班次ID',
  `dept_id` bigint(20) NOT NULL COMMENT '科室ID',
  PRIMARY KEY (`id`) USING BTREE
) ENGINE = InnoDB AUTO_INCREMENT = 12 CHARACTER SET = utf8 COLLATE = utf8_general_ci ROW_FORMAT = DYNAMIC;

-- ----------------------------
-- Records of doctor_rotation
-- ----------------------------
INSERT INTO `doctor_rotation` VALUES (8, b'0', 6183699431460, '2022-05-07 10:34:38', '2022-05-07 10:34:38', 6631315981679, 1, 7329405090861);
INSERT INTO `doctor_rotation` VALUES (9, b'0', 6183699431460, '2022-05-07 10:34:44', '2022-05-07 10:34:44', 6632044316876, 1, 7329405090861);
INSERT INTO `doctor_rotation` VALUES (10, b'0', 6183699431460, '2022-05-07 10:34:55', '2022-05-07 10:34:55', 6632637395708, 2, 7329405090861);
INSERT INTO `doctor_rotation` VALUES (11, b'0', 6183699431460, '2022-05-07 10:35:02', '2022-05-07 10:35:02', 6633178147343, 2, 7329405090861);

-- ----------------------------
-- Table structure for enquiry
-- ----------------------------
DROP TABLE IF EXISTS `enquiry`;
CREATE TABLE `enquiry`  (
  `id` bigint(20) NOT NULL AUTO_INCREMENT COMMENT '自增ID',
  `del_flag` bit(1) NOT NULL DEFAULT b'0' COMMENT '删除标识  0，未删除  1，已删除',
  `editor` bigint(20) NOT NULL COMMENT '编辑者ID',
  `create_time` timestamp(0) NULL DEFAULT NULL COMMENT '创建时间',
  `update_time` timestamp(0) NULL DEFAULT NULL COMMENT '更新时间',
  `enquiry_id` bigint(20) NOT NULL COMMENT '就诊记录ID',
  `patient_id` bigint(20) NOT NULL COMMENT '患者ID',
  `doctor_id` bigint(20) NOT NULL COMMENT '医生ID',
  `remark` text CHARACTER SET utf8 COLLATE utf8_general_ci NOT NULL COMMENT '备注',
  PRIMARY KEY (`id`) USING BTREE,
  UNIQUE INDEX `UK_treat_id`(`enquiry_id`) USING BTREE COMMENT '唯一就诊记录ID'
) ENGINE = InnoDB AUTO_INCREMENT = 37 CHARACTER SET = utf8 COLLATE = utf8_general_ci ROW_FORMAT = DYNAMIC;

-- ----------------------------
-- Records of enquiry
-- ----------------------------

-- ----------------------------
-- Table structure for job_title
-- ----------------------------
DROP TABLE IF EXISTS `job_title`;
CREATE TABLE `job_title`  (
  `id` bigint(20) NOT NULL AUTO_INCREMENT COMMENT '自增ID',
  `del_flag` bit(1) NOT NULL DEFAULT b'0' COMMENT '删除标识  0，未删除  1，已删除',
  `editor` bigint(20) NOT NULL COMMENT '编辑者ID',
  `create_time` timestamp(0) NULL DEFAULT NULL COMMENT '创建时间',
  `update_time` timestamp(0) NULL DEFAULT NULL COMMENT '更新时间',
  `title_id` bigint(20) NOT NULL COMMENT '职称ID',
  `title_name` varchar(20) CHARACTER SET utf8 COLLATE utf8_general_ci NOT NULL COMMENT '职称名称',
  `charge` smallint(6) NOT NULL COMMENT '预约费用',
  PRIMARY KEY (`id`) USING BTREE,
  UNIQUE INDEX `UK_title_id`(`title_id`) USING BTREE COMMENT '唯一职称ID'
) ENGINE = InnoDB AUTO_INCREMENT = 7 CHARACTER SET = utf8 COLLATE = utf8_general_ci ROW_FORMAT = DYNAMIC;

-- ----------------------------
-- Records of job_title
-- ----------------------------
INSERT INTO `job_title` VALUES (1, b'0', 9527, '2022-02-18 23:08:21', '2022-02-18 23:08:24', 1, '住院医师（助教）', 0);
INSERT INTO `job_title` VALUES (2, b'0', 9527, '2022-02-18 23:10:07', '2022-02-18 23:10:09', 2, '主治医师（讲师）', 0);
INSERT INTO `job_title` VALUES (3, b'0', 9527, '2022-02-18 23:10:07', '2022-02-18 23:10:09', 3, '副主任医师（副教授）', 0);
INSERT INTO `job_title` VALUES (4, b'0', 9527, '2022-02-18 23:10:07', '2022-02-18 23:10:09', 4, '主任医师（教授）', 0);
INSERT INTO `job_title` VALUES (6, b'1', 9527, '2022-02-27 12:04:21', '2022-02-27 12:04:35', 7660955665433, '搞事情111', 9999);

-- ----------------------------
-- Table structure for reserve
-- ----------------------------
DROP TABLE IF EXISTS `reserve`;
CREATE TABLE `reserve`  (
  `id` bigint(20) NOT NULL AUTO_INCREMENT COMMENT '自增ID',
  `del_flag` bit(1) NOT NULL DEFAULT b'0' COMMENT '删除标识  0，未删除  1，已删除',
  `editor` bigint(20) NOT NULL COMMENT '编辑者ID',
  `create_time` timestamp(0) NULL DEFAULT NULL COMMENT '创建时间',
  `update_time` timestamp(0) NULL DEFAULT NULL COMMENT '更新时间',
  `reserve_id` bigint(20) NOT NULL COMMENT '预约记录ID',
  `patient_id` bigint(20) NOT NULL COMMENT '患者ID',
  `doctor_id` bigint(20) NOT NULL COMMENT '医生ID',
  `status` tinyint(4) NOT NULL DEFAULT 1 COMMENT '预约状态  0：已取消  1：待报到  2：已完成',
  `time_interval` tinyint(2) NOT NULL COMMENT '预约时段  1：上午  2：下午',
  `period` tinyint(2) NOT NULL COMMENT '预约具体时段  \r\n1：(8:00-8:29/14:00-14:29)  \r\n2：(8:30-8:59/14:30-14:59)  \r\n3：(9:00-9:29/15:00-15:29)  \r\n4：(9:30-9:59/15:30-15:59)  \r\n5：(10:00-10:29/16:00-16:29)  \r\n6：(10:30-10:59/16:30-16:59)  \r\n7：(11:00-11:29/17:00-17:29)  \r\n8：(11:30-11:59/17:30-17:59)  ',
  `charge` int(11) NOT NULL COMMENT '预约费用',
  `reserve_date` date NOT NULL COMMENT '预约日期',
  PRIMARY KEY (`id`) USING BTREE,
  UNIQUE INDEX `UK_reserve_id`(`reserve_id`) USING BTREE COMMENT '唯一预约记录ID'
) ENGINE = InnoDB AUTO_INCREMENT = 41 CHARACTER SET = utf8 COLLATE = utf8_general_ci ROW_FORMAT = DYNAMIC;

-- ----------------------------
-- Records of reserve
-- ----------------------------

-- ----------------------------
-- Table structure for role
-- ----------------------------
DROP TABLE IF EXISTS `role`;
CREATE TABLE `role`  (
  `id` bigint(20) NOT NULL AUTO_INCREMENT COMMENT '自增ID',
  `del_flag` bit(1) NOT NULL DEFAULT b'0' COMMENT '删除标识  0，未删除  1，已删除',
  `editor` bigint(20) NOT NULL COMMENT '编辑者ID',
  `create_time` timestamp(0) NULL DEFAULT NULL COMMENT '创建时间',
  `update_time` timestamp(0) NULL DEFAULT NULL COMMENT '更新时间',
  `role_id` bigint(20) NOT NULL COMMENT '角色ID',
  `role_key` varchar(20) CHARACTER SET utf8 COLLATE utf8_general_ci NOT NULL COMMENT '角色KEY',
  `role_name` varchar(20) CHARACTER SET utf8 COLLATE utf8_general_ci NOT NULL COMMENT '角色名称',
  PRIMARY KEY (`id`) USING BTREE,
  UNIQUE INDEX `UK_role_id`(`role_id`) USING BTREE COMMENT '唯一角色ID'
) ENGINE = InnoDB AUTO_INCREMENT = 7 CHARACTER SET = utf8 COLLATE = utf8_general_ci ROW_FORMAT = DYNAMIC;

-- ----------------------------
-- Records of role
-- ----------------------------
INSERT INTO `role` VALUES (1, b'0', 9527, '2022-02-22 09:43:52', '2022-02-22 09:43:55', 1, 'Admin', '管理员');
INSERT INTO `role` VALUES (2, b'0', 9527, '2022-02-22 09:45:50', '2022-02-22 09:45:52', 2, 'AdminPlatform', '平台管理员');
INSERT INTO `role` VALUES (3, b'0', 9527, '2022-02-22 09:50:34', '2022-02-22 09:50:38', 3, 'Patient', '患者');
INSERT INTO `role` VALUES (4, b'0', 9527, '2022-02-22 09:52:00', '2022-02-22 09:52:03', 4, 'Doctor', '医生');

-- ----------------------------
-- Table structure for rotation
-- ----------------------------
DROP TABLE IF EXISTS `rotation`;
CREATE TABLE `rotation`  (
  `id` bigint(20) NOT NULL AUTO_INCREMENT COMMENT '自增ID',
  `del_flag` bit(1) NOT NULL DEFAULT b'0' COMMENT '删除标识  0，未删除  1，已删除',
  `editor` bigint(20) NOT NULL COMMENT '编辑者ID',
  `create_time` timestamp(0) NULL DEFAULT NULL COMMENT '创建时间',
  `update_time` timestamp(0) NULL DEFAULT NULL COMMENT '更新时间',
  `rotation_id` bigint(20) NOT NULL COMMENT '班次ID',
  `rotation_key` varchar(1) CHARACTER SET utf8 COLLATE utf8_general_ci NOT NULL COMMENT '班次KEY',
  PRIMARY KEY (`id`) USING BTREE,
  UNIQUE INDEX `UK_rotation_id`(`rotation_id`) USING BTREE COMMENT '唯一班次ID'
) ENGINE = InnoDB AUTO_INCREMENT = 5 CHARACTER SET = utf8 COLLATE = utf8_general_ci ROW_FORMAT = DYNAMIC;

-- ----------------------------
-- Records of rotation
-- ----------------------------
INSERT INTO `rotation` VALUES (1, b'0', 9527, '2022-02-25 10:43:33', '2022-02-25 10:43:36', 1, 'A');
INSERT INTO `rotation` VALUES (2, b'0', 9527, '2022-02-25 10:43:33', '2022-02-25 10:43:36', 2, 'B');

-- ----------------------------
-- Table structure for schedule
-- ----------------------------
DROP TABLE IF EXISTS `schedule`;
CREATE TABLE `schedule`  (
  `id` bigint(20) NOT NULL AUTO_INCREMENT COMMENT '自增ID',
  `del_flag` bit(1) NOT NULL DEFAULT b'0' COMMENT '删除标识  0，未删除  1，已删除',
  `editor` bigint(20) NOT NULL COMMENT '编辑者ID',
  `create_time` timestamp(0) NULL DEFAULT NULL COMMENT '创建时间',
  `update_time` timestamp(0) NULL DEFAULT NULL COMMENT '更新时间',
  `schedule_id` bigint(20) NOT NULL COMMENT '排班记录ID',
  `schedule_date` date NOT NULL COMMENT '排班日期',
  `rotation_id` bigint(20) NOT NULL COMMENT '班次ID',
  PRIMARY KEY (`id`) USING BTREE,
  UNIQUE INDEX `UK_schedule_id`(`schedule_id`) USING BTREE COMMENT '唯一排班记录'
) ENGINE = InnoDB AUTO_INCREMENT = 799 CHARACTER SET = utf8 COLLATE = utf8_general_ci ROW_FORMAT = DYNAMIC;

-- ----------------------------
-- Records of schedule
-- ----------------------------
INSERT INTO `schedule` VALUES (772, b'0', 6183699431460, '2022-05-07 10:33:51', '2022-05-07 10:33:51', 7831220854271, '2022-05-05', 1);
INSERT INTO `schedule` VALUES (773, b'0', 6183699431460, '2022-05-07 10:33:51', '2022-05-07 10:33:51', 7831220475084, '2022-05-06', 2);
INSERT INTO `schedule` VALUES (774, b'0', 6183699431460, '2022-05-07 10:33:51', '2022-05-07 10:33:51', 7831220551893, '2022-05-07', 1);
INSERT INTO `schedule` VALUES (775, b'0', 6183699431460, '2022-05-07 10:33:51', '2022-05-07 10:33:51', 7831220459205, '2022-05-08', 1);
INSERT INTO `schedule` VALUES (776, b'0', 6183699431460, '2022-05-07 10:33:51', '2022-05-07 10:33:51', 7831220948050, '2022-05-09', 2);
INSERT INTO `schedule` VALUES (777, b'0', 6183699431460, '2022-05-07 10:33:51', '2022-05-07 10:33:51', 7831220516838, '2022-05-10', 1);
INSERT INTO `schedule` VALUES (778, b'0', 6183699431460, '2022-05-07 10:33:51', '2022-05-07 10:33:51', 7831220451278, '2022-05-11', 2);
INSERT INTO `schedule` VALUES (779, b'0', 6183699431460, '2022-05-07 10:33:51', '2022-05-07 10:33:51', 7831220775807, '2022-05-12', 1);
INSERT INTO `schedule` VALUES (780, b'0', 6183699431460, '2022-05-07 10:33:51', '2022-05-07 10:33:51', 7831220760809, '2022-05-13', 2);
INSERT INTO `schedule` VALUES (781, b'0', 6183699431460, '2022-05-07 10:33:51', '2022-05-07 10:33:51', 7831220981457, '2022-05-14', 1);
INSERT INTO `schedule` VALUES (782, b'0', 6183699431460, '2022-05-07 10:33:51', '2022-05-07 10:33:51', 7831220027462, '2022-05-15', 2);
INSERT INTO `schedule` VALUES (783, b'0', 6183699431460, '2022-05-07 10:33:51', '2022-05-07 10:33:51', 7831220204807, '2022-05-16', 2);
INSERT INTO `schedule` VALUES (784, b'0', 6183699431460, '2022-05-07 10:33:51', '2022-05-07 10:33:51', 7831220648358, '2022-05-17', 1);
INSERT INTO `schedule` VALUES (785, b'0', 6183699431460, '2022-05-07 10:33:51', '2022-05-07 10:33:51', 7831220675090, '2022-05-18', 2);
INSERT INTO `schedule` VALUES (786, b'0', 6183699431460, '2022-05-07 10:33:51', '2022-05-07 10:33:51', 7831220022245, '2022-05-19', 1);
INSERT INTO `schedule` VALUES (787, b'0', 6183699431460, '2022-05-07 10:33:51', '2022-05-07 10:33:51', 7831220810296, '2022-05-20', 2);
INSERT INTO `schedule` VALUES (788, b'0', 6183699431460, '2022-05-07 10:33:51', '2022-05-07 10:33:51', 7831220050608, '2022-05-21', 1);
INSERT INTO `schedule` VALUES (789, b'0', 6183699431460, '2022-05-07 10:33:51', '2022-05-07 10:33:51', 7831220116147, '2022-05-22', 1);
INSERT INTO `schedule` VALUES (790, b'0', 6183699431460, '2022-05-07 10:33:51', '2022-05-07 10:33:51', 7831220854283, '2022-05-23', 2);
INSERT INTO `schedule` VALUES (791, b'0', 6183699431460, '2022-05-07 10:33:51', '2022-05-07 10:33:51', 7831220280202, '2022-05-24', 1);
INSERT INTO `schedule` VALUES (792, b'0', 6183699431460, '2022-05-07 10:33:51', '2022-05-07 10:33:51', 7831220099336, '2022-05-25', 2);
INSERT INTO `schedule` VALUES (793, b'0', 6183699431460, '2022-05-07 10:33:51', '2022-05-07 10:33:51', 7831220704639, '2022-05-26', 1);
INSERT INTO `schedule` VALUES (794, b'0', 6183699431460, '2022-05-07 10:33:51', '2022-05-07 10:33:51', 7831220533025, '2022-05-27', 2);
INSERT INTO `schedule` VALUES (795, b'0', 6183699431460, '2022-05-07 10:33:51', '2022-05-07 10:33:51', 7831220537374, '2022-05-28', 1);
INSERT INTO `schedule` VALUES (796, b'0', 6183699431460, '2022-05-07 10:33:51', '2022-05-07 10:33:51', 7831220912314, '2022-05-29', 2);
INSERT INTO `schedule` VALUES (797, b'0', 6183699431460, '2022-05-07 10:33:51', '2022-05-07 10:33:51', 7831220498799, '2022-05-30', 2);
INSERT INTO `schedule` VALUES (798, b'0', 6183699431460, '2022-05-07 10:33:51', '2022-05-07 10:33:51', 7831220475409, '2022-05-31', 1);

-- ----------------------------
-- Table structure for user
-- ----------------------------
DROP TABLE IF EXISTS `user`;
CREATE TABLE `user`  (
  `id` bigint(20) NOT NULL AUTO_INCREMENT COMMENT '自增ID',
  `del_flag` bit(1) NOT NULL DEFAULT b'0' COMMENT '删除标识  0，未删除  1，已删除',
  `editor` bigint(20) NULL DEFAULT NULL COMMENT '编辑者ID',
  `create_time` timestamp(0) NULL DEFAULT NULL COMMENT '创建时间',
  `update_time` timestamp(0) NULL DEFAULT NULL COMMENT '更新时间',
  `uid` bigint(20) NOT NULL COMMENT '用户ID',
  `username` varchar(20) CHARACTER SET utf8 COLLATE utf8_general_ci NOT NULL COMMENT '用户名称',
  `password` varchar(80) CHARACTER SET utf8 COLLATE utf8_general_ci NOT NULL COMMENT '密码',
  `birthday` timestamp(0) NULL DEFAULT NULL COMMENT '出生日期',
  `sex` tinyint(2) NULL DEFAULT NULL COMMENT '性别',
  `phone` varchar(11) CHARACTER SET utf8 COLLATE utf8_general_ci NOT NULL COMMENT '手机号码',
  `avatar_url` varchar(120) CHARACTER SET utf8 COLLATE utf8_general_ci NULL DEFAULT NULL COMMENT '头像url',
  `real_name` varchar(20) CHARACTER SET utf8 COLLATE utf8_general_ci NULL DEFAULT NULL COMMENT '真实姓名',
  `id_card` varchar(18) CHARACTER SET utf8 COLLATE utf8_general_ci NULL DEFAULT NULL COMMENT '身份证',
  `openid` varchar(50) CHARACTER SET utf8 COLLATE utf8_general_ci NULL DEFAULT NULL COMMENT '微信OPENID',
  PRIMARY KEY (`id`) USING BTREE,
  UNIQUE INDEX `UK_user_id`(`uid`) USING BTREE COMMENT '唯一用户ID',
  UNIQUE INDEX `UK_phone`(`phone`) USING BTREE COMMENT '唯一手机号码',
  UNIQUE INDEX `UK_id_card`(`id_card`) USING BTREE COMMENT '唯一身份证号码',
  UNIQUE INDEX `UK_openid`(`openid`) USING BTREE COMMENT '唯一微信openid'
) ENGINE = InnoDB AUTO_INCREMENT = 390 CHARACTER SET = utf8 COLLATE = utf8_general_ci ROW_FORMAT = DYNAMIC;

-- ----------------------------
-- Records of user
-- ----------------------------
INSERT INTO `user` VALUES (1, b'0', 9527, '2022-02-21 10:31:30', '2022-04-11 20:30:40', 9527, '管理员', '$2a$10$kx.1m7T6Ddyqnx1nv1DVGezZ5bjmnOkawYbyiam.8YFMViiPD9Cn6', '2022-02-28 08:00:00', 0, '13000000000', 'https://oss.cshisan.com/app/blog/images/%E7%A6%8F%E5%A8%83_1645189553986.jpeg', '管理员', '445380000000000088', '');
INSERT INTO `user` VALUES (12, b'0', 9527, '2022-02-27 04:59:44', '2022-04-13 14:22:30', 6183699431460, '平台管理员', '$2a$10$dKW0YW40.nwNNAPh7qeogOlmRouZE1ozi5JhExr62QPcLpHwx7NlK', '2022-02-28 08:00:00', 0, '13000000001', 'https://oss.cshisan.com/app/blog/images/%E7%A6%8F%E5%A8%83_1645189553986.jpeg', '平台管理员', '445380000000000090', NULL);
INSERT INTO `user` VALUES (300, b'0', 9527, '2022-05-07 10:30:31', '2022-05-07 10:30:31', 6631315981679, '宋编沿', '$2a$10$npXgeeWCJwqSMTwOaQPcLOwC8efhsSTvQPhvfLGxfzqj.ABuCPgcy', '1977-01-18 00:00:00', 0, '18701753133', 'https://oss.cshisan.com/app/blog/images/%E7%A6%8F%E5%A8%83_1645189553986.jpeg', '宋编沿', '619474197701185547', NULL);
INSERT INTO `user` VALUES (301, b'0', 9527, '2022-05-07 10:30:32', '2022-05-07 10:30:32', 6632044316876, '邹泡', '$2a$10$TdDoHuQ302foZkzwN9TkbePJ9HBKIKOUzL0EFPxPln.jVT0r16XLS', '1986-08-08 23:00:00', 0, '17024230785', 'https://oss.cshisan.com/app/blog/images/%E7%A6%8F%E5%A8%83_1645189553986.jpeg', '邹泡', '63360219860809524X', NULL);
INSERT INTO `user` VALUES (302, b'0', 9527, '2022-05-07 10:30:33', '2022-05-07 10:30:33', 6632637395708, '钟滥', '$2a$10$7Xhq4nWErdkWTK0ji23t/u6eKglF8I/vg2QIgYfH6gIE3AhGsU7r6', '1972-12-06 00:00:00', 1, '13560201522', 'https://oss.cshisan.com/app/blog/images/%E7%A6%8F%E5%A8%83_1645189553986.jpeg', '钟滥', '418809197212064556', NULL);
INSERT INTO `user` VALUES (303, b'0', 9527, '2022-05-07 10:30:33', '2022-05-07 10:30:33', 6633178147343, '独孤阁', '$2a$10$khzJmPJTn92PaKFF0PlDzeaV.b6LhFQ4bN6jFQTMKpPhhmarKQiyq', '1976-12-12 00:00:00', 1, '15119320429', 'https://oss.cshisan.com/app/blog/images/%E7%A6%8F%E5%A8%83_1645189553986.jpeg', '独孤阁', '326485197612129612', NULL);
INSERT INTO `user` VALUES (304, b'0', 9527, '2022-05-07 10:30:34', '2022-05-07 10:30:34', 6633748226189, '蒋晒给', '$2a$10$bBsKyqAlGVtb8odxIarmDuJmeOtIc/GwPvGONw/DArRwCX/GyCFci', '1972-02-10 00:00:00', 0, '18934092817', 'https://oss.cshisan.com/app/blog/images/%E7%A6%8F%E5%A8%83_1645189553986.jpeg', '蒋晒给', '635439197202109022', NULL);
INSERT INTO `user` VALUES (305, b'0', 9527, '2022-05-07 10:30:34', '2022-05-07 10:30:34', 6634328710912, '刘马掠', '$2a$10$7zIKFjfCF03N0Mj4fhhcquNv1SFE5O5w9KNd/TLMZQXPLCv.hXwtu', '1970-07-12 00:00:00', 1, '13495830461', 'https://oss.cshisan.com/app/blog/images/%E7%A6%8F%E5%A8%83_1645189553986.jpeg', '刘马掠', '657652197007123213', NULL);
INSERT INTO `user` VALUES (306, b'0', 9527, '2022-05-07 10:30:35', '2022-05-07 10:30:35', 6634908136373, '宋八', '$2a$10$pLB3m8q.0HDKagBqlqsHveOjZJX1xaAYpQXsqx3GeVdt.EoCOgj/6', '1993-04-13 00:00:00', 0, '17802596974', 'https://oss.cshisan.com/app/blog/images/%E7%A6%8F%E5%A8%83_1645189553986.jpeg', '宋八', '718427199304134647', NULL);
INSERT INTO `user` VALUES (307, b'0', 9527, '2022-05-07 10:30:36', '2022-05-07 10:30:36', 6635498197740, '龚斤树', '$2a$10$TOhhz9/txyBYcDWghFkJFOWAy600jqj.k56hvsjTfzyKT57HUkEfO', '1972-10-08 00:00:00', 1, '13749156024', 'https://oss.cshisan.com/app/blog/images/%E7%A6%8F%E5%A8%83_1645189553986.jpeg', '龚斤树', '358396197210085910', NULL);
INSERT INTO `user` VALUES (308, b'0', 9527, '2022-05-07 10:30:36', '2022-05-07 10:30:36', 6636102525524, '石酿汕', '$2a$10$nB3NAWbF3cxmFw3ILUAqNOxYeWyYBiuWbz/YQdKn9eU8cHJw/VR8e', '1974-02-06 00:00:00', 1, '17713489881', 'https://oss.cshisan.com/app/blog/images/%E7%A6%8F%E5%A8%83_1645189553986.jpeg', '石酿汕', '358623197402062770', NULL);
INSERT INTO `user` VALUES (309, b'0', 9527, '2022-05-07 10:30:37', '2022-05-07 10:30:37', 6636668589177, '叶灿劈', '$2a$10$zxgPKQUDyY7kw8Fztbau8.Y0b6/wjUZANJ3FN3qnJKPYV8wcZIHtC', '1971-03-26 00:00:00', 0, '14547432900', 'https://oss.cshisan.com/app/blog/images/%E7%A6%8F%E5%A8%83_1645189553986.jpeg', '叶灿劈', '152737197103264867', NULL);
INSERT INTO `user` VALUES (310, b'0', 9527, '2022-05-07 10:30:37', '2022-05-07 10:30:37', 6637278200231, '独孤邯皱', '$2a$10$DooRjK4ve5Dgz6gr40NNw.CG5z6gHsGjbzkWG.5DNleSfAKm.6CEO', '1977-12-04 00:00:00', 1, '18558419946', 'https://oss.cshisan.com/app/blog/images/%E7%A6%8F%E5%A8%83_1645189553986.jpeg', '独孤邯皱', '110430197712040391', NULL);
INSERT INTO `user` VALUES (311, b'0', 9527, '2022-05-07 10:30:38', '2022-05-07 10:30:38', 6637838103998, '陆峡佬', '$2a$10$dXPYs45h6AzNlKRrOld8L.Sc57STzAxz5ZpYyA6v6hvw6UnAGQjmK', '1996-06-17 00:00:00', 1, '18433084599', 'https://oss.cshisan.com/app/blog/images/%E7%A6%8F%E5%A8%83_1645189553986.jpeg', '陆峡佬', '547952199606179155', NULL);
INSERT INTO `user` VALUES (312, b'0', 9527, '2022-05-07 10:30:38', '2022-05-07 10:30:38', 6638419484645, '苏巨', '$2a$10$USus/WvlJTseaaVrQjn95.aT/VprJbjCaA9RcD7vCYyjcgiKmWtb.', '1978-07-24 00:00:00', 1, '15743800820', 'https://oss.cshisan.com/app/blog/images/%E7%A6%8F%E5%A8%83_1645189553986.jpeg', '苏巨', '520991197807248896', NULL);
INSERT INTO `user` VALUES (313, b'0', 9527, '2022-05-07 10:30:39', '2022-05-07 10:30:39', 6638999538061, '金沫', '$2a$10$HR3Nb9uBh4LjPx2AKS9xd.W5S7SIo2gTlhWUhBNCQ3fS8L/UKkN7i', '1986-01-09 00:00:00', 0, '15504500143', 'https://oss.cshisan.com/app/blog/images/%E7%A6%8F%E5%A8%83_1645189553986.jpeg', '金沫', '360217198601090264', NULL);
INSERT INTO `user` VALUES (314, b'0', 9527, '2022-05-07 10:30:40', '2022-05-07 10:30:40', 6639628221480, '赵忻逢', '$2a$10$6Z6fuId5Qm.Q50rMwRVkOe08Wjqr7YLSQaPQp/Fkk9iqzFVRyj2Oa', '1986-08-03 23:00:00', 1, '13130832594', 'https://oss.cshisan.com/app/blog/images/%E7%A6%8F%E5%A8%83_1645189553986.jpeg', '赵忻逢', '355682198608042750', NULL);
INSERT INTO `user` VALUES (315, b'0', 9527, '2022-05-07 10:30:40', '2022-05-07 10:30:40', 6640188106006, '彭执', '$2a$10$/4cHCUl9M2ZBtpftk9TUaegAQdDdWnFP/quGSQYiQTOSxPRcoqI12', '1992-12-06 00:00:00', 0, '17854650591', 'https://oss.cshisan.com/app/blog/images/%E7%A6%8F%E5%A8%83_1645189553986.jpeg', '彭执', '711128199212065684', NULL);
INSERT INTO `user` VALUES (316, b'0', 9527, '2022-05-07 10:30:41', '2022-05-07 10:30:41', 6640727146276, '魏掂', '$2a$10$HPTQRHCCddk5G.BvICWdJuoa.nQowqc31IttfZnEZNM4qJjnmpfGa', '1998-12-24 00:00:00', 1, '18073887459', 'https://oss.cshisan.com/app/blog/images/%E7%A6%8F%E5%A8%83_1645189553986.jpeg', '魏掂', '224165199812241619', NULL);
INSERT INTO `user` VALUES (317, b'0', 9527, '2022-05-07 10:30:41', '2022-05-07 10:30:41', 6641352599408, '顾俭', '$2a$10$B4tTd2LL6.j4eAf9ktaxJ.zvXetXAqfH8AWlMu43sT91fzjXc6/GK', '1981-10-14 00:00:00', 0, '13896579540', 'https://oss.cshisan.com/app/blog/images/%E7%A6%8F%E5%A8%83_1645189553986.jpeg', '顾俭', '652715198110141042', NULL);
INSERT INTO `user` VALUES (318, b'0', 9527, '2022-05-07 10:30:42', '2022-05-07 10:30:42', 6641920780737, '轩辕工', '$2a$10$Cr6BwpEJZ8LpecXsiub0IOFiowV9pQxbfovdd7N.BTAGlmXeYz/.C', '1999-10-22 00:00:00', 0, '15020870138', 'https://oss.cshisan.com/app/blog/images/%E7%A6%8F%E5%A8%83_1645189553986.jpeg', '轩辕工', '534990199910229480', NULL);
INSERT INTO `user` VALUES (319, b'0', 9527, '2022-05-07 10:30:43', '2022-05-07 10:30:43', 6642519839598, '尹胸壳', '$2a$10$WFkEQJaxmME9e3SG.O8ydODNdAlGI8/MINZ4YF8RZFz..iv5xmwfm', '1988-09-17 00:00:00', 0, '13813826784', 'https://oss.cshisan.com/app/blog/images/%E7%A6%8F%E5%A8%83_1645189553986.jpeg', '尹胸壳', '117072198809175463', NULL);
INSERT INTO `user` VALUES (320, b'0', 9527, '2022-05-07 10:30:43', '2022-05-07 10:30:43', 6643079884776, '傅困萝', '$2a$10$CNhVIlDHvVPORoIluCqK.OXI3Z8OB1X8Y9bd4U2.pztxNUMfFWLuq', '1986-01-24 00:00:00', 1, '15894000785', 'https://oss.cshisan.com/app/blog/images/%E7%A6%8F%E5%A8%83_1645189553986.jpeg', '傅困萝', '314741198601241212', NULL);
INSERT INTO `user` VALUES (321, b'0', 9527, '2022-05-07 10:30:44', '2022-05-07 10:30:44', 6643658856405, '尹禄', '$2a$10$hQihZ1/ZGB1wB0y27rc4DOsI8EalFlZ9DqLi3jLq9l0f89BA7cFvK', '1987-08-15 23:00:00', 0, '15817302398', 'https://oss.cshisan.com/app/blog/images/%E7%A6%8F%E5%A8%83_1645189553986.jpeg', '尹禄', '144746198708167462', NULL);
INSERT INTO `user` VALUES (322, b'0', 9527, '2022-05-07 10:30:44', '2022-05-07 10:30:44', 6644240390216, '闾丘粪亩', '$2a$10$8XzC/eio8SW25JSre0UdK.sZCryH7E0xdylWvTNqCCAxrMJBYpIWK', '1977-10-26 00:00:00', 0, '15065969993', 'https://oss.cshisan.com/app/blog/images/%E7%A6%8F%E5%A8%83_1645189553986.jpeg', '闾丘粪亩', '439244197710260622', NULL);
INSERT INTO `user` VALUES (323, b'0', 9527, '2022-05-07 10:30:45', '2022-05-07 10:30:45', 6644798298388, '赖玲炉', '$2a$10$k0MMbQXx6.iI9mUY.QUhQugK1NVtUOFa679.yELuBhTCIkW5/fpp6', '1987-02-12 00:00:00', 0, '14559487896', 'https://oss.cshisan.com/app/blog/images/%E7%A6%8F%E5%A8%83_1645189553986.jpeg', '赖玲炉', '41271519870212134X', NULL);
INSERT INTO `user` VALUES (324, b'0', 9527, '2022-05-07 10:30:45', '2022-05-07 10:30:45', 6645378814059, '邹娥', '$2a$10$6j5kN3Ex326kTtJxZpxm2uDNcYZA/0xta7HlVJiaqYv7sc/r./ivy', '1973-10-08 00:00:00', 0, '15159205448', 'https://oss.cshisan.com/app/blog/images/%E7%A6%8F%E5%A8%83_1645189553986.jpeg', '邹娥', '713692197310081742', NULL);
INSERT INTO `user` VALUES (325, b'0', 9527, '2022-05-07 10:30:46', '2022-05-07 10:30:46', 6645940927666, '薛空骏', '$2a$10$bd4WK353dMi/SpbLSE5pTO/1bg1hM7cMmv9Y0EKSekMdhrzqJOAu6', '1987-07-14 23:00:00', 0, '15797541044', 'https://oss.cshisan.com/app/blog/images/%E7%A6%8F%E5%A8%83_1645189553986.jpeg', '薛空骏', '458381198707158429', NULL);
INSERT INTO `user` VALUES (326, b'0', 9527, '2022-05-07 10:30:47', '2022-05-07 10:30:47', 6646499245908, '徐柄', '$2a$10$s6w0IsCvAzbpq.GsW/6n9.tTQcdt5k6r5DrbckMGGiBtcJJiPpY2O', '1986-03-29 00:00:00', 0, '17868196027', 'https://oss.cshisan.com/app/blog/images/%E7%A6%8F%E5%A8%83_1645189553986.jpeg', '徐柄', '915113198603298663', NULL);
INSERT INTO `user` VALUES (327, b'0', 9527, '2022-05-07 10:30:47', '2022-05-07 10:30:47', 6647057693703, '杜孕呐', '$2a$10$LL0.PF8GnXSR.dImzy/jTOT1bfKIQhZAlGJlJqVafUa2rhAE1gYaK', '1972-07-18 00:00:00', 0, '18507608378', 'https://oss.cshisan.com/app/blog/images/%E7%A6%8F%E5%A8%83_1645189553986.jpeg', '杜孕呐', '611687197207188924', NULL);
INSERT INTO `user` VALUES (328, b'0', 9527, '2022-05-07 10:30:48', '2022-05-07 10:30:48', 6647669722356, '轩辕亚浴', '$2a$10$iPNuEQn.MdTXYFDq2o/7TulQmwGTy3s3YGhgb3/IBOl/cQ1uF9e3.', '1996-02-29 00:00:00', 0, '15839884618', 'https://oss.cshisan.com/app/blog/images/%E7%A6%8F%E5%A8%83_1645189553986.jpeg', '轩辕亚浴', '124879199602297924', NULL);
INSERT INTO `user` VALUES (329, b'0', 9527, '2022-05-07 10:30:48', '2022-05-07 10:30:48', 6648237668035, '胡背', '$2a$10$hoTdu1yQQxhL0oGtxRKzJO6He9C51lthOLY5EBA0QS9MUUlXDiPMi', '1974-01-08 00:00:00', 0, '18037035815', 'https://oss.cshisan.com/app/blog/images/%E7%A6%8F%E5%A8%83_1645189553986.jpeg', '胡背', '365864197401085222', NULL);
INSERT INTO `user` VALUES (330, b'0', 9527, '2022-05-07 10:30:49', '2022-05-07 10:30:49', 6648858292074, '龚曳厚', '$2a$10$rlqVHEpizX0nDXUXS.Bp6.3NUxE4B4f104OasM6YzvikB86blu926', '1991-03-26 00:00:00', 0, '13010438410', 'https://oss.cshisan.com/app/blog/images/%E7%A6%8F%E5%A8%83_1645189553986.jpeg', '龚曳厚', '637955199103262847', NULL);
INSERT INTO `user` VALUES (331, b'0', 9527, '2022-05-07 10:30:49', '2022-05-07 10:30:49', 6649419180501, '江辈', '$2a$10$/PZHYHSG4n3LP18Aa0.cIOOi7V6Iest861PCZ4L2ACU7TJO19i9hq', '1978-02-17 00:00:00', 1, '18725016965', 'https://oss.cshisan.com/app/blog/images/%E7%A6%8F%E5%A8%83_1645189553986.jpeg', '江辈', '127158197802170251', NULL);
INSERT INTO `user` VALUES (332, b'0', 9527, '2022-05-07 10:30:50', '2022-05-07 10:30:50', 6650008648229, '郭瓜硼', '$2a$10$SrJEYGkRJ6HDVFHA9kQihu7lNQdDtlWaKc15G/vXH.inlEhki5Zfu', '1993-08-11 00:00:00', 1, '13553351936', 'https://oss.cshisan.com/app/blog/images/%E7%A6%8F%E5%A8%83_1645189553986.jpeg', '郭瓜硼', '450855199308110892', NULL);
INSERT INTO `user` VALUES (333, b'0', 9527, '2022-05-07 10:30:51', '2022-05-07 10:30:51', 6650630297306, '丁枕', '$2a$10$YqJb8YTnhahQTKkOVHztSOYjW9BXXq4t4VP2X9LX8IKgRn7FysEGa', '1987-04-29 23:00:00', 0, '17625954374', 'https://oss.cshisan.com/app/blog/images/%E7%A6%8F%E5%A8%83_1645189553986.jpeg', '丁枕', '522747198704305528', NULL);
INSERT INTO `user` VALUES (334, b'0', 9527, '2022-05-07 10:30:51', '2022-05-07 10:30:51', 6651310261681, '彭姥', '$2a$10$p0eKruosz.U1QlXMtCClAeXpTnoAMkfrzuywfYITb4Cwy.iDykgvG', '1988-06-12 23:00:00', 0, '13425341425', 'https://oss.cshisan.com/app/blog/images/%E7%A6%8F%E5%A8%83_1645189553986.jpeg', '彭姥', '347194198806132026', NULL);
INSERT INTO `user` VALUES (335, b'0', 9527, '2022-05-07 10:30:52', '2022-05-07 10:30:52', 6651966302033, '杜扰', '$2a$10$Blc9dUo5bOuuYErRM6rVmuUk/wUbo/Orta8e.Vtl9wRiedHfnFFvu', '1988-12-19 00:00:00', 1, '13377215783', 'https://oss.cshisan.com/app/blog/images/%E7%A6%8F%E5%A8%83_1645189553986.jpeg', '杜扰', '610935198812192378', NULL);
INSERT INTO `user` VALUES (336, b'0', 9527, '2022-05-07 10:30:53', '2022-05-07 10:30:53', 6652571885857, '魏括', '$2a$10$Xz2YyZWK9As4CKCU6vepHO6P4kNEjLSXvw7li4tdqyuQsOY0qzVyu', '1973-10-29 00:00:00', 1, '13855976154', 'https://oss.cshisan.com/app/blog/images/%E7%A6%8F%E5%A8%83_1645189553986.jpeg', '魏括', '221530197310292993', NULL);
INSERT INTO `user` VALUES (337, b'0', 9527, '2022-05-07 10:30:53', '2022-05-07 10:30:53', 6653138355749, '冯倪妖', '$2a$10$JU9/KB/YcbglMeasuQLqI.Q7bd9PAuYeExZOJrsLWRajPjdRZCtrC', '1978-07-18 00:00:00', 0, '18918955365', 'https://oss.cshisan.com/app/blog/images/%E7%A6%8F%E5%A8%83_1645189553986.jpeg', '冯倪妖', '652934197807182720', NULL);
INSERT INTO `user` VALUES (338, b'0', 9527, '2022-05-07 10:30:54', '2022-05-07 10:30:54', 6653758493665, '罗历', '$2a$10$FFplwFbQ41EjHIEYv03gluEUTykixrU0KplP63P9tMM.kO2N7lSdK', '1975-03-13 00:00:00', 0, '15306100757', 'https://oss.cshisan.com/app/blog/images/%E7%A6%8F%E5%A8%83_1645189553986.jpeg', '罗历', '352277197503139441', NULL);
INSERT INTO `user` VALUES (339, b'0', 9527, '2022-05-07 10:30:54', '2022-05-07 10:30:54', 6654371248345, '吴灾丽', '$2a$10$esXRMk.eQxC2um0IS7tnW.aogcjbJKbgDrDxtupK.X7Uqu3lB6s3i', '1998-09-23 00:00:00', 0, '15584271160', 'https://oss.cshisan.com/app/blog/images/%E7%A6%8F%E5%A8%83_1645189553986.jpeg', '吴灾丽', '917662199809231342', NULL);
INSERT INTO `user` VALUES (340, b'0', 9527, '2022-05-07 10:30:55', '2022-05-07 10:30:55', 6654928444648, '万洞讶', '$2a$10$BRnoCVGRMsyp9k.fcin2de.mK7AJJvMC0B7.v6lpcGvxEyLx7L0YS', '1985-04-06 00:00:00', 1, '13031851707', 'https://oss.cshisan.com/app/blog/images/%E7%A6%8F%E5%A8%83_1645189553986.jpeg', '万洞讶', '311263198504064056', NULL);
INSERT INTO `user` VALUES (341, b'0', 9527, '2022-05-07 10:30:56', '2022-05-07 10:30:56', 6655578543331, '公孙五捡', '$2a$10$MW7Hb2QxZiufqL4TIm2H4.zCM3CYFfXCxsno0Y0Ijo6x/qzWazeB.', '1981-11-02 00:00:00', 0, '14508078865', 'https://oss.cshisan.com/app/blog/images/%E7%A6%8F%E5%A8%83_1645189553986.jpeg', '公孙五捡', '233250198111026104', NULL);
INSERT INTO `user` VALUES (342, b'0', 9527, '2022-05-07 10:30:56', '2022-05-07 10:30:56', 6656163986244, '邹氮升', '$2a$10$NzDAkGPYkbqFrR1gPE7eEed9XYPog1b9R3BnNKlKVQffauAOf7vd6', '1981-07-07 00:00:00', 0, '18668254601', 'https://oss.cshisan.com/app/blog/images/%E7%A6%8F%E5%A8%83_1645189553986.jpeg', '邹氮升', '534522198107072549', NULL);
INSERT INTO `user` VALUES (343, b'0', 9527, '2022-05-07 10:30:57', '2022-05-07 10:30:57', 6656779819856, '徐蹬比', '$2a$10$1rKB1pTMux6L0zJZuTBDyev0XG4nkwEjzFrgnUSgcoxz8C7NkfJfC', '1986-02-13 00:00:00', 1, '17611984347', 'https://oss.cshisan.com/app/blog/images/%E7%A6%8F%E5%A8%83_1645189553986.jpeg', '徐蹬比', '332803198602139112', NULL);
INSERT INTO `user` VALUES (344, b'0', 9527, '2022-05-07 10:30:57', '2022-05-07 10:30:57', 6657379417350, '袁宠岸', '$2a$10$wSX6ZjJOIVnBXbQ1chU2CeDMGb/U/tucJEa8K3NZnVhNRJ2JqdPi6', '1977-12-11 00:00:00', 0, '13159648791', 'https://oss.cshisan.com/app/blog/images/%E7%A6%8F%E5%A8%83_1645189553986.jpeg', '袁宠岸', '507202197712112968', NULL);
INSERT INTO `user` VALUES (345, b'0', 9527, '2022-05-07 10:30:58', '2022-05-07 10:30:58', 6658047186493, '皇甫瞥', '$2a$10$hkok8Yh0t1reWGz3N7O86e/l.qnFcV6h465isRhC3Gy5lcJD91FK2', '1975-07-10 00:00:00', 1, '13281240952', 'https://oss.cshisan.com/app/blog/images/%E7%A6%8F%E5%A8%83_1645189553986.jpeg', '皇甫瞥', '438916197507107018', NULL);
INSERT INTO `user` VALUES (346, b'0', 9527, '2022-05-07 10:30:59', '2022-05-07 10:30:59', 6658648148787, '吕友', '$2a$10$W9WLU6N3WAyQP1sff6PI/ekU5sPwlLBdUbaaKaqCFtdowwlbSBcse', '1980-11-22 00:00:00', 0, '18555946228', 'https://oss.cshisan.com/app/blog/images/%E7%A6%8F%E5%A8%83_1645189553986.jpeg', '吕友', '64451519801122284X', NULL);
INSERT INTO `user` VALUES (347, b'0', 9527, '2022-05-07 10:30:59', '2022-05-07 10:30:59', 6659229170905, '鲜于坝', '$2a$10$y3S0zjLvAzImdWN73.FzkeLUKaqm1tLJq35JCWsvDMhFOix9e/Enm', '1981-12-21 00:00:00', 1, '15979228919', 'https://oss.cshisan.com/app/blog/images/%E7%A6%8F%E5%A8%83_1645189553986.jpeg', '鲜于坝', '12988619811221347X', NULL);
INSERT INTO `user` VALUES (348, b'0', 9527, '2022-05-07 10:31:00', '2022-05-07 10:31:00', 6659779327510, '龚丙', '$2a$10$mG6z8yK71CD4QkqPY0npO.B.8yTwC8qLif.epnO3VFRwgOlBSaMuC', '1991-06-29 23:00:00', 0, '13253628581', 'https://oss.cshisan.com/app/blog/images/%E7%A6%8F%E5%A8%83_1645189553986.jpeg', '龚丙', '640628199106307086', NULL);
INSERT INTO `user` VALUES (349, b'0', 9527, '2022-05-07 10:31:00', '2022-05-07 10:31:00', 6660401182015, '郝伯', '$2a$10$p64Ncn9au2QnsVo7dJuhluMLmiD9o2GqvbPsIDzelYL89yn8a7A92', '1995-09-15 00:00:00', 1, '13809451517', 'https://oss.cshisan.com/app/blog/images/%E7%A6%8F%E5%A8%83_1645189553986.jpeg', '郝伯', '36498219950915381X', NULL);
INSERT INTO `user` VALUES (350, b'0', 9527, '2022-05-07 10:31:01', '2022-05-07 10:31:01', 6661018834596, '蒋堆锋', '$2a$10$ONR9e8ifRi4LugGpyrKLjugewRSutlfr5nIKIIIrTR2kXqzZTcG0i', '1991-08-21 23:00:00', 0, '18920144730', 'https://oss.cshisan.com/app/blog/images/%E7%A6%8F%E5%A8%83_1645189553986.jpeg', '蒋堆锋', '468254199108228765', NULL);
INSERT INTO `user` VALUES (351, b'0', 9527, '2022-05-07 10:31:02', '2022-05-07 10:31:02', 6661758275675, '施溜', '$2a$10$a2gpXEDqE6uPdFAs6QafDe7yhfBAU54fJ/mzYiWQl0voWSCP7MFhK', '1993-04-06 00:00:00', 0, '13191860252', 'https://oss.cshisan.com/app/blog/images/%E7%A6%8F%E5%A8%83_1645189553986.jpeg', '施溜', '512423199304069381', NULL);
INSERT INTO `user` VALUES (352, b'0', 9527, '2022-05-07 10:31:02', '2022-05-07 10:31:02', 6662336805454, '罗霜', '$2a$10$Q9oJLrS4WbAcT0se.T6ruORqTBeQEOJWqgrCsQPTaYv//X.n917yW', '1994-08-26 00:00:00', 0, '13601651891', 'https://oss.cshisan.com/app/blog/images/%E7%A6%8F%E5%A8%83_1645189553986.jpeg', '罗霜', '328224199408264566', NULL);
INSERT INTO `user` VALUES (353, b'0', 9527, '2022-05-07 10:31:03', '2022-05-07 10:31:03', 6662958144379, '公孙下波', '$2a$10$wMmJTXa5NVUyI0V2MQd88Os/G.Vl8KrA4YyvutSp2etXPS1xCFUr2', '1990-12-18 00:00:00', 1, '18537150945', 'https://oss.cshisan.com/app/blog/images/%E7%A6%8F%E5%A8%83_1645189553986.jpeg', '公孙下波', '638276199012186513', NULL);
INSERT INTO `user` VALUES (354, b'0', 9527, '2022-05-07 10:31:04', '2022-05-07 10:31:04', 6663510097982, '邹死缄', '$2a$10$wvutb6Wa/MTCWBYDoOWKqu5FObmXKb5s7WyBmhas4ZGykM3rt9Kb2', '1985-12-07 00:00:00', 1, '18026770814', 'https://oss.cshisan.com/app/blog/images/%E7%A6%8F%E5%A8%83_1645189553986.jpeg', '邹死缄', '526662198512071917', NULL);
INSERT INTO `user` VALUES (355, b'0', 9527, '2022-05-07 10:31:04', '2022-05-07 10:31:04', 6664138615248, '叶印呐', '$2a$10$twAscuOebDvN7R5xk5LnDesrrfl5xOcs1BEGch6SRQrkNgEAARPW.', '1988-11-16 00:00:00', 1, '15059571322', 'https://oss.cshisan.com/app/blog/images/%E7%A6%8F%E5%A8%83_1645189553986.jpeg', '叶印呐', '411217198811167237', NULL);
INSERT INTO `user` VALUES (356, b'0', 9527, '2022-05-07 10:31:05', '2022-05-07 10:31:05', 6664718026614, '孟出', '$2a$10$VSJT8a3rFuIGTET/Yy6Nc.GzPyHJU3NQtjHv/IzF6WLCwAm/4Ks7C', '1972-01-10 00:00:00', 1, '17626815266', 'https://oss.cshisan.com/app/blog/images/%E7%A6%8F%E5%A8%83_1645189553986.jpeg', '孟出', '125200197201109235', NULL);
INSERT INTO `user` VALUES (357, b'0', 9527, '2022-05-07 10:31:05', '2022-05-07 10:31:05', 6665329861175, '胡霜', '$2a$10$G6T61YWsf3D78/da55XmRuCYqmqPwEKu2aMhMYZesXBf/LO1dgZDi', '1995-05-16 00:00:00', 1, '13412022548', 'https://oss.cshisan.com/app/blog/images/%E7%A6%8F%E5%A8%83_1645189553986.jpeg', '胡霜', '141779199505160112', NULL);
INSERT INTO `user` VALUES (358, b'0', 9527, '2022-05-07 10:31:06', '2022-05-07 10:31:06', 6665909625608, '高遇个', '$2a$10$ErnDMOF5cLj9SY/9AoS96uX0sINAPNtOGhfk3raihmbvywQB.SP2C', '1979-01-19 00:00:00', 0, '17616204520', 'https://oss.cshisan.com/app/blog/images/%E7%A6%8F%E5%A8%83_1645189553986.jpeg', '高遇个', '534127197901191540', NULL);
INSERT INTO `user` VALUES (359, b'0', 9527, '2022-05-07 10:31:07', '2022-05-07 10:31:07', 6666488226189, '郝匈殴', '$2a$10$KkFNF4JATNJ9/jIEAQZDR.yw48TAEJtqs3ManrfSFIA9c1dxlnD7e', '1982-05-22 00:00:00', 0, '13944759044', 'https://oss.cshisan.com/app/blog/images/%E7%A6%8F%E5%A8%83_1645189553986.jpeg', '郝匈殴', '716961198205225686', NULL);
INSERT INTO `user` VALUES (360, b'0', 9527, '2022-05-07 10:31:07', '2022-05-07 10:31:07', 6667079357602, '罗糊', '$2a$10$jxHAZ7ub385Ys.6sk6pAbecQCqKOs/gH0LIDa0/mqNvBsigAR.TQO', '1984-09-09 00:00:00', 0, '15729120503', 'https://oss.cshisan.com/app/blog/images/%E7%A6%8F%E5%A8%83_1645189553986.jpeg', '罗糊', '502374198409099243', NULL);
INSERT INTO `user` VALUES (361, b'0', 9527, '2022-05-07 10:31:08', '2022-05-07 10:31:08', 6667721080066, '邹琼', '$2a$10$NzumdHovl27dWcOwMPMspe382vV8JawbmwMcHL5pbS2Yf.1viiHky', '1974-02-08 00:00:00', 0, '18065384226', 'https://oss.cshisan.com/app/blog/images/%E7%A6%8F%E5%A8%83_1645189553986.jpeg', '邹琼', '656152197402086362', NULL);
INSERT INTO `user` VALUES (362, b'0', 9527, '2022-05-07 10:31:08', '2022-05-07 10:31:08', 6668337273468, '石房', '$2a$10$Q/6TVartuCPohPpCVSBymO5l2agjdEC5XxqcYxyEGq3OFPzboAcVG', '1986-01-18 00:00:00', 0, '13523144592', 'https://oss.cshisan.com/app/blog/images/%E7%A6%8F%E5%A8%83_1645189553986.jpeg', '石房', '635042198601183220', NULL);
INSERT INTO `user` VALUES (363, b'0', 9527, '2022-05-07 10:31:09', '2022-05-07 10:31:09', 6668929136465, '邵烟', '$2a$10$DE29lVnRmPPGB6F/R9vVNuITnr/BtuGr5SdGxRxstJ9mVusdPmOru', '1976-08-05 00:00:00', 1, '15832837291', 'https://oss.cshisan.com/app/blog/images/%E7%A6%8F%E5%A8%83_1645189553986.jpeg', '邵烟', '231213197608050873', NULL);
INSERT INTO `user` VALUES (364, b'0', 9527, '2022-05-07 10:31:10', '2022-05-07 10:31:10', 6669580663749, '施惫土', '$2a$10$Q2RMZqnc6kRByLatZygAPeU4OciR.ee.vGaeqYoPzJTMYqu6zJ8T6', '1981-01-17 00:00:00', 1, '18531950739', 'https://oss.cshisan.com/app/blog/images/%E7%A6%8F%E5%A8%83_1645189553986.jpeg', '施惫土', '151154198101175251', NULL);
INSERT INTO `user` VALUES (365, b'0', 9527, '2022-05-07 10:31:10', '2022-05-07 10:31:10', 6670168233966, '钱化', '$2a$10$Wb1ELUwhKz1CvxelCptOlOzM7ER3P5Yq5SuMLLT2n52oe695X0kbC', '1998-11-30 00:00:00', 0, '15744866370', 'https://oss.cshisan.com/app/blog/images/%E7%A6%8F%E5%A8%83_1645189553986.jpeg', '钱化', '467453199811308349', NULL);
INSERT INTO `user` VALUES (366, b'0', 9527, '2022-05-07 10:31:11', '2022-05-07 10:31:11', 6670758134750, '丁卉', '$2a$10$f8CdlPBUWwV4nzO1/YKikOAYoHX.c2gAtN3FpEFIgJQ8gov1tzb3C', '1993-05-13 00:00:00', 1, '15310491421', 'https://oss.cshisan.com/app/blog/images/%E7%A6%8F%E5%A8%83_1645189553986.jpeg', '丁卉', '464377199305130894', NULL);
INSERT INTO `user` VALUES (367, b'0', 9527, '2022-05-07 10:31:11', '2022-05-07 10:31:11', 6671350711028, '廖氯碱', '$2a$10$d9/HAZo4AbY3U2PpKKvVXevesKAg5.jmuBSrkllM95HyGCEOAXsDy', '1996-03-19 00:00:00', 0, '13237843133', 'https://oss.cshisan.com/app/blog/images/%E7%A6%8F%E5%A8%83_1645189553986.jpeg', '廖氯碱', '115713199603191266', NULL);
INSERT INTO `user` VALUES (368, b'0', 9527, '2022-05-07 10:31:12', '2022-05-07 10:31:12', 6671975288080, '赖苹糟', '$2a$10$WMOkneuf.bFLmqPk5FQO9.myUDknbau6rjE3t9duTCLdg7QNM3YQO', '1971-11-26 00:00:00', 0, '17622199688', 'https://oss.cshisan.com/app/blog/images/%E7%A6%8F%E5%A8%83_1645189553986.jpeg', '赖苹糟', '115343197111265182', NULL);
INSERT INTO `user` VALUES (369, b'0', 9527, '2022-05-07 10:31:13', '2022-05-07 10:31:13', 6672578621340, '王斡', '$2a$10$Ocen86Ds3MtODx2UL9dkguJZL/j0.W6CKnNTHCWkM0Lj82btXWVna', '1989-05-06 23:00:00', 1, '18728449153', 'https://oss.cshisan.com/app/blog/images/%E7%A6%8F%E5%A8%83_1645189553986.jpeg', '王斡', '327238198905076411', NULL);
INSERT INTO `user` VALUES (370, b'0', 9527, '2022-05-07 10:31:13', '2022-05-07 10:31:13', 6673177953544, '令狐骋', '$2a$10$7JZXb8U49dCmqwri.iIUGulGA1v/Yj8Y/oLlBn.GQJhw.td6AaGvi', '1982-03-24 00:00:00', 0, '18503676370', 'https://oss.cshisan.com/app/blog/images/%E7%A6%8F%E5%A8%83_1645189553986.jpeg', '令狐骋', '121168198203247829', NULL);
INSERT INTO `user` VALUES (371, b'0', 9527, '2022-05-07 10:31:14', '2022-05-07 10:31:14', 6673819061247, '丁怜迟', '$2a$10$Hlwo6QYUIRc5MyRzb5Akv.QD2kVlwypgmSzVQv.CnVQaFAFeuyG/a', '1999-07-31 00:00:00', 1, '13797390129', 'https://oss.cshisan.com/app/blog/images/%E7%A6%8F%E5%A8%83_1645189553986.jpeg', '丁怜迟', '419930199907318870', NULL);
INSERT INTO `user` VALUES (372, b'0', 9527, '2022-05-07 10:31:14', '2022-05-07 10:31:14', 6674420623694, '冯年牢', '$2a$10$aT5yk19UEY1X4oO1UVAMH.IxdcJpZ9ibNd/gW2jJu7HOlWUi9oiFq', '1999-07-21 00:00:00', 0, '13815514041', 'https://oss.cshisan.com/app/blog/images/%E7%A6%8F%E5%A8%83_1645189553986.jpeg', '冯年牢', '361510199907216568', NULL);
INSERT INTO `user` VALUES (373, b'0', 9527, '2022-05-07 10:31:15', '2022-05-07 10:31:15', 6675018017130, '严睁', '$2a$10$c8BuZyW3gMOs3qk62mZxD.P7S3EgbO4.zqLkIKf4npeL6XpZD/DtG', '1995-02-26 00:00:00', 1, '18639501571', 'https://oss.cshisan.com/app/blog/images/%E7%A6%8F%E5%A8%83_1645189553986.jpeg', '严睁', '518225199502265233', NULL);
INSERT INTO `user` VALUES (374, b'0', 9527, '2022-05-07 10:31:16', '2022-05-07 10:31:16', 6675663305461, '皇甫匝怕', '$2a$10$KfWctRJRdXk/3bGxOwxsv.7/3q1RejcTAqZFVHlDEdWwxR5RAOqCa', '1974-05-21 00:00:00', 0, '15060363097', 'https://oss.cshisan.com/app/blog/images/%E7%A6%8F%E5%A8%83_1645189553986.jpeg', '皇甫匝怕', '810714197405214226', NULL);
INSERT INTO `user` VALUES (375, b'0', 9527, '2022-05-07 10:31:16', '2022-05-07 10:31:16', 6676269753163, '苏致', '$2a$10$5/08A2bqlAgtEGa3eGTwW./QEDAGQn.Ex.IgVdta6zctfTZN/GzdG', '1981-03-23 00:00:00', 0, '18532876971', 'https://oss.cshisan.com/app/blog/images/%E7%A6%8F%E5%A8%83_1645189553986.jpeg', '苏致', '81307119810323608X', NULL);
INSERT INTO `user` VALUES (376, b'0', 9527, '2022-05-07 10:31:17', '2022-05-07 10:31:17', 6676879415396, '赵阀', '$2a$10$TTkuBWV7Mwr6gkKeSD/g6.amq0r/P2dyY3iAyvM2Ovipsj0hE9gle', '1984-11-07 00:00:00', 0, '13547967513', 'https://oss.cshisan.com/app/blog/images/%E7%A6%8F%E5%A8%83_1645189553986.jpeg', '赵阀', '43096919841107790X', NULL);
INSERT INTO `user` VALUES (377, b'0', 9527, '2022-05-07 10:31:18', '2022-05-07 10:31:18', 6677478815101, '宇文喜院', '$2a$10$ytbPc3pN/Ia46kXBXtLZA.sTN3KbrUXf425QTR56mL60j5lTshs0C', '1995-02-09 00:00:00', 1, '17854928375', 'https://oss.cshisan.com/app/blog/images/%E7%A6%8F%E5%A8%83_1645189553986.jpeg', '宇文喜院', '413079199502098439', NULL);
INSERT INTO `user` VALUES (378, b'0', 9527, '2022-05-07 10:31:18', '2022-05-07 10:31:18', 6678082566770, '施表', '$2a$10$cul4QgIdZoyaIo.Hd1Y5UuW8lXxxOtS4TJxI2Un0tul4W2FpJS0i.', '1977-05-21 00:00:00', 0, '13604016373', 'https://oss.cshisan.com/app/blog/images/%E7%A6%8F%E5%A8%83_1645189553986.jpeg', '施表', '469629197705217789', NULL);
INSERT INTO `user` VALUES (379, b'0', 9527, '2022-05-07 10:31:19', '2022-05-07 10:31:19', 6678688600663, '龚嘿惠', '$2a$10$uojzc8PM720rY9eeRkBxVOdzSNt5e/.Wo0JP8WQKnCUtXpnLXj3GS', '1993-03-04 00:00:00', 0, '13394272027', 'https://oss.cshisan.com/app/blog/images/%E7%A6%8F%E5%A8%83_1645189553986.jpeg', '龚嘿惠', '321799199303041288', NULL);
INSERT INTO `user` VALUES (380, b'0', 9527, '2022-05-07 10:31:19', '2022-05-07 10:31:19', 6679298820991, '郝赤', '$2a$10$gDwan3dRSFuVx59308txYeL1I6/jXFVLfiopTln1TaTIYizVVq3ia', '1975-02-01 00:00:00', 0, '15746293244', 'https://oss.cshisan.com/app/blog/images/%E7%A6%8F%E5%A8%83_1645189553986.jpeg', '郝赤', '456529197502018544', NULL);
INSERT INTO `user` VALUES (381, b'0', 9527, '2022-05-07 10:31:20', '2022-05-07 10:31:20', 6679899329524, '欧阳轮', '$2a$10$zBUY4bSW8EV6RMngfVtGNuRiYf54/X4zYmiPMlsWZGGFLEsBYn75.', '1992-02-23 00:00:00', 1, '13129291397', 'https://oss.cshisan.com/app/blog/images/%E7%A6%8F%E5%A8%83_1645189553986.jpeg', '欧阳轮', '224968199202232750', NULL);
INSERT INTO `user` VALUES (382, b'0', 9527, '2022-05-07 10:31:21', '2022-05-07 10:31:21', 6680502162144, '侯谷', '$2a$10$lUb7KG1TsXB2wD1J7V862O/9RCucH.dPzS2qXn7G/fAcvtQQM7GJq', '1983-03-06 00:00:00', 1, '14539195111', 'https://oss.cshisan.com/app/blog/images/%E7%A6%8F%E5%A8%83_1645189553986.jpeg', '侯谷', '503817198303061993', NULL);
INSERT INTO `user` VALUES (383, b'0', 9527, '2022-05-07 10:31:21', '2022-05-07 10:31:21', 6681149725935, '龚遁壤', '$2a$10$KuT9fM5Ax3L5mt2Bqdhxv.POcOcxD4GeZMrKz0KsGfuih/blOtlTm', '1977-06-15 00:00:00', 1, '15822606458', 'https://oss.cshisan.com/app/blog/images/%E7%A6%8F%E5%A8%83_1645189553986.jpeg', '龚遁壤', '823015197706158996', NULL);
INSERT INTO `user` VALUES (384, b'0', 9527, '2022-05-07 10:31:22', '2022-05-07 10:31:22', 6681761212631, '江扼', '$2a$10$jsl2rywpdW0.K0WOKG8YguBcbiydTTXJCScXthYW3g0FcyxaL9OQG', '1996-08-07 00:00:00', 0, '13397936114', 'https://oss.cshisan.com/app/blog/images/%E7%A6%8F%E5%A8%83_1645189553986.jpeg', '江扼', '719173199608078763', NULL);
INSERT INTO `user` VALUES (385, b'0', 9527, '2022-05-07 10:31:23', '2022-05-07 10:31:23', 6682457754646, '余数', '$2a$10$Sra5ADxCMPuzKLeeasbMN.idinanX85EorfUkpps0Vqtbl4aVvI.G', '1981-10-28 00:00:00', 0, '13342980938', 'https://oss.cshisan.com/app/blog/images/%E7%A6%8F%E5%A8%83_1645189553986.jpeg', '余数', '413266198110284923', NULL);
INSERT INTO `user` VALUES (386, b'0', 9527, '2022-05-07 10:31:23', '2022-05-07 10:31:23', 6683037973107, '邱帚', '$2a$10$H9qMyPl7wvq4aFEQgtd78./t5M9ykaua4jbbrEXK1efvpaD6wnE9y', '1980-11-14 00:00:00', 1, '13361013556', 'https://oss.cshisan.com/app/blog/images/%E7%A6%8F%E5%A8%83_1645189553986.jpeg', '邱帚', '434847198011140391', NULL);
INSERT INTO `user` VALUES (387, b'0', 9527, '2022-05-07 10:31:24', '2022-05-07 10:31:24', 6683639911320, '蔡呐', '$2a$10$X9c5D5/R9dUUYiH6Q8OvweZR6GsgkxNFhGAHFFvp.0LnKD16EAkxS', '1970-11-25 00:00:00', 1, '18385784736', 'https://oss.cshisan.com/app/blog/images/%E7%A6%8F%E5%A8%83_1645189553986.jpeg', '蔡呐', '235978197011254793', NULL);
INSERT INTO `user` VALUES (389, b'0', 5603527210048, '2022-05-07 11:48:33', '2022-05-07 11:48:45', 5312809676937, '微信用户_7ac32b845944', '$2a$10$mkT9OyrrVMmIjPHa1R2CDeZSdebXdvsO0rkTLKYvjyF9r2bI5zfW.', '1999-03-05 00:00:00', 1, '13826710229', 'https://oss.cshisan.com/app/blog/images/%E7%A6%8F%E5%A8%83_1645189553986.jpeg', '陈泽汝', '445381199903052533', 'o4mVO6WpLAxHGCrj1mCyr9MkVBEs');

-- ----------------------------
-- Table structure for user_role
-- ----------------------------
DROP TABLE IF EXISTS `user_role`;
CREATE TABLE `user_role`  (
  `id` bigint(20) NOT NULL AUTO_INCREMENT COMMENT '自增ID',
  `del_flag` bit(1) NOT NULL DEFAULT b'0' COMMENT '删除标识  0，未删除  1，已删除',
  `editor` bigint(20) NOT NULL COMMENT '编辑者ID',
  `create_time` timestamp(0) NULL DEFAULT NULL COMMENT '创建时间',
  `update_time` timestamp(0) NULL DEFAULT NULL COMMENT '更新时间',
  `uid` bigint(20) NOT NULL COMMENT '用户ID',
  `role_id` bigint(20) NOT NULL COMMENT '角色ID',
  PRIMARY KEY (`id`) USING BTREE
) ENGINE = InnoDB AUTO_INCREMENT = 567 CHARACTER SET = utf8 COLLATE = utf8_general_ci ROW_FORMAT = DYNAMIC;

-- ----------------------------
-- Records of user_role
-- ----------------------------
INSERT INTO `user_role` VALUES (1, b'0', 9527, '2022-02-23 09:26:42', '2022-02-23 09:26:45', 9527, 1);
INSERT INTO `user_role` VALUES (7, b'0', 9527, '2022-02-27 05:30:04', '2022-02-27 05:30:04', 6183699431460, 2);
INSERT INTO `user_role` VALUES (389, b'0', 9527, '2022-05-07 10:30:32', '2022-05-07 10:30:32', 6631315981679, 3);
INSERT INTO `user_role` VALUES (390, b'0', 9527, '2022-05-07 10:30:32', '2022-05-07 10:30:32', 6631315981679, 4);
INSERT INTO `user_role` VALUES (391, b'0', 9527, '2022-05-07 10:30:32', '2022-05-07 10:30:32', 6632044316876, 3);
INSERT INTO `user_role` VALUES (392, b'0', 9527, '2022-05-07 10:30:32', '2022-05-07 10:30:32', 6632044316876, 4);
INSERT INTO `user_role` VALUES (393, b'0', 9527, '2022-05-07 10:30:33', '2022-05-07 10:30:33', 6632637395708, 3);
INSERT INTO `user_role` VALUES (394, b'0', 9527, '2022-05-07 10:30:33', '2022-05-07 10:30:33', 6632637395708, 4);
INSERT INTO `user_role` VALUES (395, b'0', 9527, '2022-05-07 10:30:33', '2022-05-07 10:30:33', 6633178147343, 3);
INSERT INTO `user_role` VALUES (396, b'0', 9527, '2022-05-07 10:30:33', '2022-05-07 10:30:33', 6633178147343, 4);
INSERT INTO `user_role` VALUES (397, b'0', 9527, '2022-05-07 10:30:34', '2022-05-07 10:30:34', 6633748226189, 3);
INSERT INTO `user_role` VALUES (398, b'0', 9527, '2022-05-07 10:30:34', '2022-05-07 10:30:34', 6633748226189, 4);
INSERT INTO `user_role` VALUES (399, b'0', 9527, '2022-05-07 10:30:35', '2022-05-07 10:30:35', 6634328710912, 3);
INSERT INTO `user_role` VALUES (400, b'0', 9527, '2022-05-07 10:30:35', '2022-05-07 10:30:35', 6634328710912, 4);
INSERT INTO `user_role` VALUES (401, b'0', 9527, '2022-05-07 10:30:35', '2022-05-07 10:30:35', 6634908136373, 3);
INSERT INTO `user_role` VALUES (402, b'0', 9527, '2022-05-07 10:30:35', '2022-05-07 10:30:35', 6634908136373, 4);
INSERT INTO `user_role` VALUES (403, b'0', 9527, '2022-05-07 10:30:36', '2022-05-07 10:30:36', 6635498197740, 3);
INSERT INTO `user_role` VALUES (404, b'0', 9527, '2022-05-07 10:30:36', '2022-05-07 10:30:36', 6635498197740, 4);
INSERT INTO `user_role` VALUES (405, b'0', 9527, '2022-05-07 10:30:36', '2022-05-07 10:30:36', 6636102525524, 3);
INSERT INTO `user_role` VALUES (406, b'0', 9527, '2022-05-07 10:30:36', '2022-05-07 10:30:36', 6636102525524, 4);
INSERT INTO `user_role` VALUES (407, b'0', 9527, '2022-05-07 10:30:37', '2022-05-07 10:30:37', 6636668589177, 3);
INSERT INTO `user_role` VALUES (408, b'0', 9527, '2022-05-07 10:30:37', '2022-05-07 10:30:37', 6636668589177, 4);
INSERT INTO `user_role` VALUES (409, b'0', 9527, '2022-05-07 10:30:37', '2022-05-07 10:30:37', 6637278200231, 3);
INSERT INTO `user_role` VALUES (410, b'0', 9527, '2022-05-07 10:30:38', '2022-05-07 10:30:38', 6637278200231, 4);
INSERT INTO `user_role` VALUES (411, b'0', 9527, '2022-05-07 10:30:38', '2022-05-07 10:30:38', 6637838103998, 3);
INSERT INTO `user_role` VALUES (412, b'0', 9527, '2022-05-07 10:30:38', '2022-05-07 10:30:38', 6637838103998, 4);
INSERT INTO `user_role` VALUES (413, b'0', 9527, '2022-05-07 10:30:39', '2022-05-07 10:30:39', 6638419484645, 3);
INSERT INTO `user_role` VALUES (414, b'0', 9527, '2022-05-07 10:30:39', '2022-05-07 10:30:39', 6638419484645, 4);
INSERT INTO `user_role` VALUES (415, b'0', 9527, '2022-05-07 10:30:39', '2022-05-07 10:30:39', 6638999538061, 3);
INSERT INTO `user_role` VALUES (416, b'0', 9527, '2022-05-07 10:30:39', '2022-05-07 10:30:39', 6638999538061, 4);
INSERT INTO `user_role` VALUES (417, b'0', 9527, '2022-05-07 10:30:40', '2022-05-07 10:30:40', 6639628221480, 3);
INSERT INTO `user_role` VALUES (418, b'0', 9527, '2022-05-07 10:30:40', '2022-05-07 10:30:40', 6639628221480, 4);
INSERT INTO `user_role` VALUES (419, b'0', 9527, '2022-05-07 10:30:40', '2022-05-07 10:30:40', 6640188106006, 3);
INSERT INTO `user_role` VALUES (420, b'0', 9527, '2022-05-07 10:30:40', '2022-05-07 10:30:40', 6640188106006, 4);
INSERT INTO `user_role` VALUES (421, b'0', 9527, '2022-05-07 10:30:41', '2022-05-07 10:30:41', 6640727146276, 3);
INSERT INTO `user_role` VALUES (422, b'0', 9527, '2022-05-07 10:30:41', '2022-05-07 10:30:41', 6640727146276, 4);
INSERT INTO `user_role` VALUES (423, b'0', 9527, '2022-05-07 10:30:42', '2022-05-07 10:30:42', 6641352599408, 3);
INSERT INTO `user_role` VALUES (424, b'0', 9527, '2022-05-07 10:30:42', '2022-05-07 10:30:42', 6641352599408, 4);
INSERT INTO `user_role` VALUES (425, b'0', 9527, '2022-05-07 10:30:42', '2022-05-07 10:30:42', 6641920780737, 3);
INSERT INTO `user_role` VALUES (426, b'0', 9527, '2022-05-07 10:30:42', '2022-05-07 10:30:42', 6641920780737, 4);
INSERT INTO `user_role` VALUES (427, b'0', 9527, '2022-05-07 10:30:43', '2022-05-07 10:30:43', 6642519839598, 3);
INSERT INTO `user_role` VALUES (428, b'0', 9527, '2022-05-07 10:30:43', '2022-05-07 10:30:43', 6642519839598, 4);
INSERT INTO `user_role` VALUES (429, b'0', 9527, '2022-05-07 10:30:43', '2022-05-07 10:30:43', 6643079884776, 3);
INSERT INTO `user_role` VALUES (430, b'0', 9527, '2022-05-07 10:30:43', '2022-05-07 10:30:43', 6643079884776, 4);
INSERT INTO `user_role` VALUES (431, b'0', 9527, '2022-05-07 10:30:44', '2022-05-07 10:30:44', 6643658856405, 3);
INSERT INTO `user_role` VALUES (432, b'0', 9527, '2022-05-07 10:30:44', '2022-05-07 10:30:44', 6643658856405, 4);
INSERT INTO `user_role` VALUES (433, b'0', 9527, '2022-05-07 10:30:44', '2022-05-07 10:30:44', 6644240390216, 3);
INSERT INTO `user_role` VALUES (434, b'0', 9527, '2022-05-07 10:30:45', '2022-05-07 10:30:45', 6644240390216, 4);
INSERT INTO `user_role` VALUES (435, b'0', 9527, '2022-05-07 10:30:45', '2022-05-07 10:30:45', 6644798298388, 3);
INSERT INTO `user_role` VALUES (436, b'0', 9527, '2022-05-07 10:30:45', '2022-05-07 10:30:45', 6644798298388, 4);
INSERT INTO `user_role` VALUES (437, b'0', 9527, '2022-05-07 10:30:46', '2022-05-07 10:30:46', 6645378814059, 3);
INSERT INTO `user_role` VALUES (438, b'0', 9527, '2022-05-07 10:30:46', '2022-05-07 10:30:46', 6645378814059, 4);
INSERT INTO `user_role` VALUES (439, b'0', 9527, '2022-05-07 10:30:46', '2022-05-07 10:30:46', 6645940927666, 3);
INSERT INTO `user_role` VALUES (440, b'0', 9527, '2022-05-07 10:30:46', '2022-05-07 10:30:46', 6645940927666, 4);
INSERT INTO `user_role` VALUES (441, b'0', 9527, '2022-05-07 10:30:47', '2022-05-07 10:30:47', 6646499245908, 3);
INSERT INTO `user_role` VALUES (442, b'0', 9527, '2022-05-07 10:30:47', '2022-05-07 10:30:47', 6646499245908, 4);
INSERT INTO `user_role` VALUES (443, b'0', 9527, '2022-05-07 10:30:47', '2022-05-07 10:30:47', 6647057693703, 3);
INSERT INTO `user_role` VALUES (444, b'0', 9527, '2022-05-07 10:30:47', '2022-05-07 10:30:47', 6647057693703, 4);
INSERT INTO `user_role` VALUES (445, b'0', 9527, '2022-05-07 10:30:48', '2022-05-07 10:30:48', 6647669722356, 3);
INSERT INTO `user_role` VALUES (446, b'0', 9527, '2022-05-07 10:30:48', '2022-05-07 10:30:48', 6647669722356, 4);
INSERT INTO `user_role` VALUES (447, b'0', 9527, '2022-05-07 10:30:48', '2022-05-07 10:30:48', 6648237668035, 3);
INSERT INTO `user_role` VALUES (448, b'0', 9527, '2022-05-07 10:30:48', '2022-05-07 10:30:48', 6648237668035, 4);
INSERT INTO `user_role` VALUES (449, b'0', 9527, '2022-05-07 10:30:49', '2022-05-07 10:30:49', 6648858292074, 3);
INSERT INTO `user_role` VALUES (450, b'0', 9527, '2022-05-07 10:30:49', '2022-05-07 10:30:49', 6648858292074, 4);
INSERT INTO `user_role` VALUES (451, b'0', 9527, '2022-05-07 10:30:50', '2022-05-07 10:30:50', 6649419180501, 3);
INSERT INTO `user_role` VALUES (452, b'0', 9527, '2022-05-07 10:30:50', '2022-05-07 10:30:50', 6649419180501, 4);
INSERT INTO `user_role` VALUES (453, b'0', 9527, '2022-05-07 10:30:50', '2022-05-07 10:30:50', 6650008648229, 3);
INSERT INTO `user_role` VALUES (454, b'0', 9527, '2022-05-07 10:30:50', '2022-05-07 10:30:50', 6650008648229, 4);
INSERT INTO `user_role` VALUES (455, b'0', 9527, '2022-05-07 10:30:51', '2022-05-07 10:30:51', 6650630297306, 3);
INSERT INTO `user_role` VALUES (456, b'0', 9527, '2022-05-07 10:30:51', '2022-05-07 10:30:51', 6650630297306, 4);
INSERT INTO `user_role` VALUES (457, b'0', 9527, '2022-05-07 10:30:52', '2022-05-07 10:30:52', 6651310261681, 3);
INSERT INTO `user_role` VALUES (458, b'0', 9527, '2022-05-07 10:30:52', '2022-05-07 10:30:52', 6651310261681, 4);
INSERT INTO `user_role` VALUES (459, b'0', 9527, '2022-05-07 10:30:52', '2022-05-07 10:30:52', 6651966302033, 3);
INSERT INTO `user_role` VALUES (460, b'0', 9527, '2022-05-07 10:30:52', '2022-05-07 10:30:52', 6651966302033, 4);
INSERT INTO `user_role` VALUES (461, b'0', 9527, '2022-05-07 10:30:53', '2022-05-07 10:30:53', 6652571885857, 3);
INSERT INTO `user_role` VALUES (462, b'0', 9527, '2022-05-07 10:30:53', '2022-05-07 10:30:53', 6652571885857, 4);
INSERT INTO `user_role` VALUES (463, b'0', 9527, '2022-05-07 10:30:53', '2022-05-07 10:30:53', 6653138355749, 3);
INSERT INTO `user_role` VALUES (464, b'0', 9527, '2022-05-07 10:30:53', '2022-05-07 10:30:53', 6653138355749, 4);
INSERT INTO `user_role` VALUES (465, b'0', 9527, '2022-05-07 10:30:54', '2022-05-07 10:30:54', 6653758493665, 3);
INSERT INTO `user_role` VALUES (466, b'0', 9527, '2022-05-07 10:30:54', '2022-05-07 10:30:54', 6653758493665, 4);
INSERT INTO `user_role` VALUES (467, b'0', 9527, '2022-05-07 10:30:55', '2022-05-07 10:30:55', 6654371248345, 3);
INSERT INTO `user_role` VALUES (468, b'0', 9527, '2022-05-07 10:30:55', '2022-05-07 10:30:55', 6654371248345, 4);
INSERT INTO `user_role` VALUES (469, b'0', 9527, '2022-05-07 10:30:55', '2022-05-07 10:30:55', 6654928444648, 3);
INSERT INTO `user_role` VALUES (470, b'0', 9527, '2022-05-07 10:30:55', '2022-05-07 10:30:55', 6654928444648, 4);
INSERT INTO `user_role` VALUES (471, b'0', 9527, '2022-05-07 10:30:56', '2022-05-07 10:30:56', 6655578543331, 3);
INSERT INTO `user_role` VALUES (472, b'0', 9527, '2022-05-07 10:30:56', '2022-05-07 10:30:56', 6655578543331, 4);
INSERT INTO `user_role` VALUES (473, b'0', 9527, '2022-05-07 10:30:56', '2022-05-07 10:30:56', 6656163986244, 3);
INSERT INTO `user_role` VALUES (474, b'0', 9527, '2022-05-07 10:30:56', '2022-05-07 10:30:56', 6656163986244, 4);
INSERT INTO `user_role` VALUES (475, b'0', 9527, '2022-05-07 10:30:57', '2022-05-07 10:30:57', 6656779819856, 3);
INSERT INTO `user_role` VALUES (476, b'0', 9527, '2022-05-07 10:30:57', '2022-05-07 10:30:57', 6656779819856, 4);
INSERT INTO `user_role` VALUES (477, b'0', 9527, '2022-05-07 10:30:58', '2022-05-07 10:30:58', 6657379417350, 3);
INSERT INTO `user_role` VALUES (478, b'0', 9527, '2022-05-07 10:30:58', '2022-05-07 10:30:58', 6657379417350, 4);
INSERT INTO `user_role` VALUES (479, b'0', 9527, '2022-05-07 10:30:58', '2022-05-07 10:30:58', 6658047186493, 3);
INSERT INTO `user_role` VALUES (480, b'0', 9527, '2022-05-07 10:30:58', '2022-05-07 10:30:58', 6658047186493, 4);
INSERT INTO `user_role` VALUES (481, b'0', 9527, '2022-05-07 10:30:59', '2022-05-07 10:30:59', 6658648148787, 3);
INSERT INTO `user_role` VALUES (482, b'0', 9527, '2022-05-07 10:30:59', '2022-05-07 10:30:59', 6658648148787, 4);
INSERT INTO `user_role` VALUES (483, b'0', 9527, '2022-05-07 10:30:59', '2022-05-07 10:30:59', 6659229170905, 3);
INSERT INTO `user_role` VALUES (484, b'0', 9527, '2022-05-07 10:30:59', '2022-05-07 10:30:59', 6659229170905, 4);
INSERT INTO `user_role` VALUES (485, b'0', 9527, '2022-05-07 10:31:00', '2022-05-07 10:31:00', 6659779327510, 3);
INSERT INTO `user_role` VALUES (486, b'0', 9527, '2022-05-07 10:31:00', '2022-05-07 10:31:00', 6659779327510, 4);
INSERT INTO `user_role` VALUES (487, b'0', 9527, '2022-05-07 10:31:01', '2022-05-07 10:31:01', 6660401182015, 3);
INSERT INTO `user_role` VALUES (488, b'0', 9527, '2022-05-07 10:31:01', '2022-05-07 10:31:01', 6660401182015, 4);
INSERT INTO `user_role` VALUES (489, b'0', 9527, '2022-05-07 10:31:01', '2022-05-07 10:31:01', 6661018834596, 3);
INSERT INTO `user_role` VALUES (490, b'0', 9527, '2022-05-07 10:31:01', '2022-05-07 10:31:01', 6661018834596, 4);
INSERT INTO `user_role` VALUES (491, b'0', 9527, '2022-05-07 10:31:02', '2022-05-07 10:31:02', 6661758275675, 3);
INSERT INTO `user_role` VALUES (492, b'0', 9527, '2022-05-07 10:31:02', '2022-05-07 10:31:02', 6661758275675, 4);
INSERT INTO `user_role` VALUES (493, b'0', 9527, '2022-05-07 10:31:03', '2022-05-07 10:31:03', 6662336805454, 3);
INSERT INTO `user_role` VALUES (494, b'0', 9527, '2022-05-07 10:31:03', '2022-05-07 10:31:03', 6662336805454, 4);
INSERT INTO `user_role` VALUES (495, b'0', 9527, '2022-05-07 10:31:03', '2022-05-07 10:31:03', 6662958144379, 3);
INSERT INTO `user_role` VALUES (496, b'0', 9527, '2022-05-07 10:31:03', '2022-05-07 10:31:03', 6662958144379, 4);
INSERT INTO `user_role` VALUES (497, b'0', 9527, '2022-05-07 10:31:04', '2022-05-07 10:31:04', 6663510097982, 3);
INSERT INTO `user_role` VALUES (498, b'0', 9527, '2022-05-07 10:31:04', '2022-05-07 10:31:04', 6663510097982, 4);
INSERT INTO `user_role` VALUES (499, b'0', 9527, '2022-05-07 10:31:04', '2022-05-07 10:31:04', 6664138615248, 3);
INSERT INTO `user_role` VALUES (500, b'0', 9527, '2022-05-07 10:31:04', '2022-05-07 10:31:04', 6664138615248, 4);
INSERT INTO `user_role` VALUES (501, b'0', 9527, '2022-05-07 10:31:05', '2022-05-07 10:31:05', 6664718026614, 3);
INSERT INTO `user_role` VALUES (502, b'0', 9527, '2022-05-07 10:31:05', '2022-05-07 10:31:05', 6664718026614, 4);
INSERT INTO `user_role` VALUES (503, b'0', 9527, '2022-05-07 10:31:06', '2022-05-07 10:31:06', 6665329861175, 3);
INSERT INTO `user_role` VALUES (504, b'0', 9527, '2022-05-07 10:31:06', '2022-05-07 10:31:06', 6665329861175, 4);
INSERT INTO `user_role` VALUES (505, b'0', 9527, '2022-05-07 10:31:06', '2022-05-07 10:31:06', 6665909625608, 3);
INSERT INTO `user_role` VALUES (506, b'0', 9527, '2022-05-07 10:31:06', '2022-05-07 10:31:06', 6665909625608, 4);
INSERT INTO `user_role` VALUES (507, b'0', 9527, '2022-05-07 10:31:07', '2022-05-07 10:31:07', 6666488226189, 3);
INSERT INTO `user_role` VALUES (508, b'0', 9527, '2022-05-07 10:31:07', '2022-05-07 10:31:07', 6666488226189, 4);
INSERT INTO `user_role` VALUES (509, b'0', 9527, '2022-05-07 10:31:07', '2022-05-07 10:31:07', 6667079357602, 3);
INSERT INTO `user_role` VALUES (510, b'0', 9527, '2022-05-07 10:31:07', '2022-05-07 10:31:07', 6667079357602, 4);
INSERT INTO `user_role` VALUES (511, b'0', 9527, '2022-05-07 10:31:08', '2022-05-07 10:31:08', 6667721080066, 3);
INSERT INTO `user_role` VALUES (512, b'0', 9527, '2022-05-07 10:31:08', '2022-05-07 10:31:08', 6667721080066, 4);
INSERT INTO `user_role` VALUES (513, b'0', 9527, '2022-05-07 10:31:09', '2022-05-07 10:31:09', 6668337273468, 3);
INSERT INTO `user_role` VALUES (514, b'0', 9527, '2022-05-07 10:31:09', '2022-05-07 10:31:09', 6668337273468, 4);
INSERT INTO `user_role` VALUES (515, b'0', 9527, '2022-05-07 10:31:09', '2022-05-07 10:31:09', 6668929136465, 3);
INSERT INTO `user_role` VALUES (516, b'0', 9527, '2022-05-07 10:31:09', '2022-05-07 10:31:09', 6668929136465, 4);
INSERT INTO `user_role` VALUES (517, b'0', 9527, '2022-05-07 10:31:10', '2022-05-07 10:31:10', 6669580663749, 3);
INSERT INTO `user_role` VALUES (518, b'0', 9527, '2022-05-07 10:31:10', '2022-05-07 10:31:10', 6669580663749, 4);
INSERT INTO `user_role` VALUES (519, b'0', 9527, '2022-05-07 10:31:10', '2022-05-07 10:31:10', 6670168233966, 3);
INSERT INTO `user_role` VALUES (520, b'0', 9527, '2022-05-07 10:31:10', '2022-05-07 10:31:10', 6670168233966, 4);
INSERT INTO `user_role` VALUES (521, b'0', 9527, '2022-05-07 10:31:11', '2022-05-07 10:31:11', 6670758134750, 3);
INSERT INTO `user_role` VALUES (522, b'0', 9527, '2022-05-07 10:31:11', '2022-05-07 10:31:11', 6670758134750, 4);
INSERT INTO `user_role` VALUES (523, b'0', 9527, '2022-05-07 10:31:12', '2022-05-07 10:31:12', 6671350711028, 3);
INSERT INTO `user_role` VALUES (524, b'0', 9527, '2022-05-07 10:31:12', '2022-05-07 10:31:12', 6671350711028, 4);
INSERT INTO `user_role` VALUES (525, b'0', 9527, '2022-05-07 10:31:12', '2022-05-07 10:31:12', 6671975288080, 3);
INSERT INTO `user_role` VALUES (526, b'0', 9527, '2022-05-07 10:31:12', '2022-05-07 10:31:12', 6671975288080, 4);
INSERT INTO `user_role` VALUES (527, b'0', 9527, '2022-05-07 10:31:13', '2022-05-07 10:31:13', 6672578621340, 3);
INSERT INTO `user_role` VALUES (528, b'0', 9527, '2022-05-07 10:31:13', '2022-05-07 10:31:13', 6672578621340, 4);
INSERT INTO `user_role` VALUES (529, b'0', 9527, '2022-05-07 10:31:13', '2022-05-07 10:31:13', 6673177953544, 3);
INSERT INTO `user_role` VALUES (530, b'0', 9527, '2022-05-07 10:31:14', '2022-05-07 10:31:14', 6673177953544, 4);
INSERT INTO `user_role` VALUES (531, b'0', 9527, '2022-05-07 10:31:14', '2022-05-07 10:31:14', 6673819061247, 3);
INSERT INTO `user_role` VALUES (532, b'0', 9527, '2022-05-07 10:31:14', '2022-05-07 10:31:14', 6673819061247, 4);
INSERT INTO `user_role` VALUES (533, b'0', 9527, '2022-05-07 10:31:15', '2022-05-07 10:31:15', 6674420623694, 3);
INSERT INTO `user_role` VALUES (534, b'0', 9527, '2022-05-07 10:31:15', '2022-05-07 10:31:15', 6674420623694, 4);
INSERT INTO `user_role` VALUES (535, b'0', 9527, '2022-05-07 10:31:15', '2022-05-07 10:31:15', 6675018017130, 3);
INSERT INTO `user_role` VALUES (536, b'0', 9527, '2022-05-07 10:31:15', '2022-05-07 10:31:15', 6675018017130, 4);
INSERT INTO `user_role` VALUES (537, b'0', 9527, '2022-05-07 10:31:16', '2022-05-07 10:31:16', 6675663305461, 3);
INSERT INTO `user_role` VALUES (538, b'0', 9527, '2022-05-07 10:31:16', '2022-05-07 10:31:16', 6675663305461, 4);
INSERT INTO `user_role` VALUES (539, b'0', 9527, '2022-05-07 10:31:16', '2022-05-07 10:31:16', 6676269753163, 3);
INSERT INTO `user_role` VALUES (540, b'0', 9527, '2022-05-07 10:31:17', '2022-05-07 10:31:17', 6676269753163, 4);
INSERT INTO `user_role` VALUES (541, b'0', 9527, '2022-05-07 10:31:17', '2022-05-07 10:31:17', 6676879415396, 3);
INSERT INTO `user_role` VALUES (542, b'0', 9527, '2022-05-07 10:31:17', '2022-05-07 10:31:17', 6676879415396, 4);
INSERT INTO `user_role` VALUES (543, b'0', 9527, '2022-05-07 10:31:18', '2022-05-07 10:31:18', 6677478815101, 3);
INSERT INTO `user_role` VALUES (544, b'0', 9527, '2022-05-07 10:31:18', '2022-05-07 10:31:18', 6677478815101, 4);
INSERT INTO `user_role` VALUES (545, b'0', 9527, '2022-05-07 10:31:18', '2022-05-07 10:31:18', 6678082566770, 3);
INSERT INTO `user_role` VALUES (546, b'0', 9527, '2022-05-07 10:31:18', '2022-05-07 10:31:18', 6678082566770, 4);
INSERT INTO `user_role` VALUES (547, b'0', 9527, '2022-05-07 10:31:19', '2022-05-07 10:31:19', 6678688600663, 3);
INSERT INTO `user_role` VALUES (548, b'0', 9527, '2022-05-07 10:31:19', '2022-05-07 10:31:19', 6678688600663, 4);
INSERT INTO `user_role` VALUES (549, b'0', 9527, '2022-05-07 10:31:20', '2022-05-07 10:31:20', 6679298820991, 3);
INSERT INTO `user_role` VALUES (550, b'0', 9527, '2022-05-07 10:31:20', '2022-05-07 10:31:20', 6679298820991, 4);
INSERT INTO `user_role` VALUES (551, b'0', 9527, '2022-05-07 10:31:20', '2022-05-07 10:31:20', 6679899329524, 3);
INSERT INTO `user_role` VALUES (552, b'0', 9527, '2022-05-07 10:31:20', '2022-05-07 10:31:20', 6679899329524, 4);
INSERT INTO `user_role` VALUES (553, b'0', 9527, '2022-05-07 10:31:21', '2022-05-07 10:31:21', 6680502162144, 3);
INSERT INTO `user_role` VALUES (554, b'0', 9527, '2022-05-07 10:31:21', '2022-05-07 10:31:21', 6680502162144, 4);
INSERT INTO `user_role` VALUES (555, b'0', 9527, '2022-05-07 10:31:21', '2022-05-07 10:31:21', 6681149725935, 3);
INSERT INTO `user_role` VALUES (556, b'0', 9527, '2022-05-07 10:31:21', '2022-05-07 10:31:21', 6681149725935, 4);
INSERT INTO `user_role` VALUES (557, b'0', 9527, '2022-05-07 10:31:22', '2022-05-07 10:31:22', 6681761212631, 3);
INSERT INTO `user_role` VALUES (558, b'0', 9527, '2022-05-07 10:31:22', '2022-05-07 10:31:22', 6681761212631, 4);
INSERT INTO `user_role` VALUES (559, b'0', 9527, '2022-05-07 10:31:23', '2022-05-07 10:31:23', 6682457754646, 3);
INSERT INTO `user_role` VALUES (560, b'0', 9527, '2022-05-07 10:31:23', '2022-05-07 10:31:23', 6682457754646, 4);
INSERT INTO `user_role` VALUES (561, b'0', 9527, '2022-05-07 10:31:23', '2022-05-07 10:31:23', 6683037973107, 3);
INSERT INTO `user_role` VALUES (562, b'0', 9527, '2022-05-07 10:31:23', '2022-05-07 10:31:23', 6683037973107, 4);
INSERT INTO `user_role` VALUES (563, b'0', 9527, '2022-05-07 10:31:24', '2022-05-07 10:31:24', 6683639911320, 3);
INSERT INTO `user_role` VALUES (564, b'0', 9527, '2022-05-07 10:31:24', '2022-05-07 10:31:24', 6683639911320, 4);
INSERT INTO `user_role` VALUES (565, b'0', 9527, '2022-05-07 11:36:44', '2022-05-07 11:36:44', 5603527210048, 3);
INSERT INTO `user_role` VALUES (566, b'0', 9527, '2022-05-07 11:48:33', '2022-05-07 11:48:33', 5312809676937, 3);

-- ----------------------------
-- Table structure for vacation
-- ----------------------------
DROP TABLE IF EXISTS `vacation`;
CREATE TABLE `vacation`  (
  `id` bigint(20) NOT NULL AUTO_INCREMENT COMMENT '自增ID',
  `del_flag` bit(1) NOT NULL DEFAULT b'0' COMMENT '删除标识  0，未删除  1，已删除',
  `editor` bigint(20) NOT NULL COMMENT '编辑者ID',
  `create_time` timestamp(0) NULL DEFAULT NULL COMMENT '创建时间',
  `update_time` timestamp(0) NULL DEFAULT NULL COMMENT '更新时间',
  `vacation_id` bigint(20) NOT NULL COMMENT '调休记录ID',
  `doctor_id` bigint(20) NOT NULL COMMENT '医生ID',
  `vacation_date` date NOT NULL COMMENT '调休日期',
  `time_interval` tinyint(4) NOT NULL COMMENT '时段  0，全天  1，上午  2，下午',
  `status` tinyint(4) NOT NULL COMMENT '调休状态  0，未通过  1，待审批  2，已通过',
  `description` varchar(220) CHARACTER SET utf8 COLLATE utf8_general_ci NULL DEFAULT NULL COMMENT '调休备注',
  PRIMARY KEY (`id`) USING BTREE,
  UNIQUE INDEX `UK_vacation_id`(`vacation_id`) USING BTREE COMMENT '唯一调休记录'
) ENGINE = InnoDB AUTO_INCREMENT = 14 CHARACTER SET = utf8 COLLATE = utf8_general_ci ROW_FORMAT = DYNAMIC;

-- ----------------------------
-- Records of vacation
-- ----------------------------

SET FOREIGN_KEY_CHECKS = 1;
